Membership ID,Member ID,Membership Type,Start Date,End Date,Payment Status
1,1,Quarterly,2024-03-27,2024-06-25,Paid
2,2,Annual,2024-11-23,2025-11-23,Paid
3,3,Annual,2024-07-11,2025-07-11,Pending
4,4,Premium,2024-04-06,2025-04-06,Paid
5,5,Monthly,2024-04-22,2024-07-21,Paid
6,6,Quarterly,2024-12-23,2025-12-23,Overdue
7,7,Annual,2024-04-28,2024-07-27,Overdue
8,8,Premium,2024-07-28,2024-10-26,Overdue
9,9,Monthly,2024-12-28,2025-01-27,Paid
10,10,Monthly,2024-07-21,2024-08-20,Pending
11,11,Quarterly,2024-11-24,2025-11-24,Paid
12,12,Annual,2024-05-19,2024-06-18,Paid
13,13,Premium,2024-03-15,2024-04-14,Paid
14,14,Annual,2024-06-06,2024-09-04,Pending
15,15,Annual,2024-06-27,2024-07-27,Paid
16,16,Premium,2024-05-18,2024-06-17,Pending
17,17,Annual,2024-06-24,2024-09-22,Pending
18,18,Quarterly,2024-07-28,2025-07-28,Pending
19,19,Annual,2024-05-23,2024-08-21,Paid
20,20,Annual,2024-09-19,2024-12-18,Paid
21,21,Annual,2024-11-01,2024-12-01,Paid
22,22,Annual,2024-09-13,2024-10-13,Paid
23,23,Annual,2024-06-26,2025-06-26,Pending
24,24,Monthly,2024-10-18,2024-11-17,Pending
25,25,Quarterly,2024-08-25,2024-09-24,Pending
26,26,Quarterly,2024-11-13,2025-11-13,Pending
27,27,Premium,2024-07-16,2024-10-14,Overdue
28,28,Monthly,2024-09-11,2025-09-11,Paid
29,29,Monthly,2024-10-09,2024-11-08,Pending
30,30,Monthly,2024-11-22,2024-12-22,Pending
31,31,Monthly,2024-12-25,2025-01-24,Paid
32,32,Monthly,2024-04-22,2024-07-21,Paid
33,33,Annual,2024-11-28,2025-11-28,Overdue
34,34,Quarterly,2024-08-21,2024-11-19,Pending
35,35,Quarterly,2024-05-12,2024-08-10,Paid
36,36,Quarterly,2024-05-17,2025-05-17,Paid
37,37,Quarterly,2024-04-23,2024-07-22,Paid
38,38,Monthly,2024-09-04,2024-12-03,Pending
39,39,Monthly,2024-09-26,2024-12-25,Pending
40,40,Annual,2024-08-28,2024-11-26,Paid
41,41,Annual,2024-04-08,2025-04-08,Pending
42,42,Premium,2024-04-17,2024-07-16,Pending
43,43,Premium,2024-05-21,2024-06-20,Pending
44,44,Quarterly,2024-02-14,2024-03-15,Pending
45,45,Annual,2024-06-05,2024-07-05,Paid
46,46,Premium,2024-06-15,2024-09-13,Paid
47,47,Monthly,2024-06-25,2025-06-25,Paid
48,48,Premium,2024-12-20,2025-03-20,Pending
49,49,Monthly,2024-11-10,2024-12-10,Overdue
50,50,Quarterly,2024-09-10,2024-12-09,Paid
51,51,Monthly,2024-01-03,2024-04-02,Paid
52,52,Monthly,2024-02-24,2024-03-25,Paid
53,53,Premium,2024-08-17,2025-08-17,Paid
54,54,Quarterly,2024-10-11,2025-10-11,Overdue
55,55,Annual,2024-03-15,2024-06-13,Paid
56,56,Monthly,2024-09-03,2024-10-03,Pending
57,57,Monthly,2024-05-11,2024-06-10,Pending
58,58,Quarterly,2024-06-22,2024-07-22,Overdue
59,59,Annual,2024-12-11,2025-12-11,Paid
60,60,Monthly,2024-08-12,2025-08-12,Pending
61,61,Annual,2024-03-09,2025-03-09,Overdue
62,62,Quarterly,2024-02-03,2024-05-03,Pending
63,63,Quarterly,2024-04-17,2024-07-16,Overdue
64,64,Monthly,2024-03-09,2025-03-09,Overdue
65,65,Premium,2024-05-07,2025-05-07,Pending
66,66,Monthly,2024-01-23,2024-02-22,Overdue
67,67,Monthly,2024-05-17,2025-05-17,Pending
68,68,Annual,2024-08-05,2024-09-04,Pending
69,69,Premium,2024-06-01,2024-08-30,Paid
70,70,Annual,2024-03-16,2024-06-14,Overdue
71,71,Monthly,2024-11-08,2025-02-06,Overdue
72,72,Monthly,2024-04-11,2024-05-11,Overdue
73,73,Annual,2024-06-08,2025-06-08,Overdue
74,74,Premium,2024-10-26,2025-01-24,Pending
75,75,Quarterly,2024-02-03,2024-05-03,Pending
76,76,Premium,2024-11-05,2025-11-05,Paid
77,77,Monthly,2024-10-04,2024-11-03,Pending
78,78,Annual,2024-10-12,2025-01-10,Paid
79,79,Quarterly,2024-07-22,2024-10-20,Paid
80,80,Monthly,2024-04-06,2024-05-06,Pending
81,81,Annual,2024-04-23,2025-04-23,Paid
82,82,Quarterly,2024-11-03,2025-02-01,Overdue
83,83,Quarterly,2024-10-08,2025-01-06,Pending
84,84,Quarterly,2024-12-01,2024-12-31,Pending
85,85,Premium,2024-01-16,2024-02-15,Overdue
86,86,Quarterly,2024-05-01,2024-07-30,Paid
87,87,Annual,2024-03-18,2024-06-16,Paid
88,88,Quarterly,2024-10-21,2024-11-20,Paid
89,89,Quarterly,2024-08-23,2024-09-22,Overdue
90,90,Monthly,2024-12-17,2025-03-17,Overdue
91,91,Quarterly,2024-10-17,2024-11-16,Paid
92,92,Quarterly,2024-06-03,2025-06-03,Pending
93,93,Annual,2024-06-11,2024-07-11,Overdue
94,94,Monthly,2024-09-09,2024-12-08,Pending
95,95,Annual,2024-05-19,2025-05-19,Pending
96,96,Premium,2024-03-15,2025-03-15,Paid
97,97,Premium,2024-03-20,2025-03-20,Paid
98,98,Monthly,2024-04-22,2025-04-22,Overdue
99,99,Premium,2024-10-14,2024-11-13,Pending
100,100,Premium,2024-04-15,2024-05-15,Overdue
101,101,Premium,2024-06-07,2024-07-07,Overdue
102,102,Annual,2024-10-04,2024-11-03,Paid
103,103,Quarterly,2024-01-28,2025-01-27,Paid
104,104,Annual,2024-05-13,2024-06-12,Pending
105,105,Quarterly,2024-07-21,2024-10-19,Pending
106,106,Annual,2024-01-15,2025-01-14,Paid
107,107,Quarterly,2024-06-18,2024-09-16,Paid
108,108,Annual,2024-05-22,2024-06-21,Overdue
109,109,Monthly,2024-04-08,2025-04-08,Paid
110,110,Annual,2024-06-12,2024-09-10,Paid
111,111,Monthly,2024-10-05,2025-10-05,Pending
112,112,Premium,2024-03-06,2025-03-06,Paid
113,113,Premium,2024-02-13,2024-03-14,Pending
114,114,Monthly,2024-11-19,2024-12-19,Paid
115,115,Quarterly,2024-07-26,2025-07-26,Paid
116,116,Premium,2024-06-03,2024-09-01,Pending
117,117,Premium,2024-12-26,2025-01-25,Pending
118,118,Monthly,2024-05-08,2024-08-06,Paid
119,119,Quarterly,2024-04-08,2025-04-08,Pending
120,120,Quarterly,2024-03-27,2024-06-25,Overdue
121,121,Monthly,2024-08-10,2025-08-10,Pending
122,122,Annual,2024-08-21,2024-09-20,Pending
123,123,Quarterly,2024-05-07,2024-08-05,Overdue
124,124,Annual,2024-02-21,2024-03-22,Paid
125,125,Annual,2024-05-11,2024-08-09,Paid
126,126,Quarterly,2024-03-05,2025-03-05,Overdue
127,127,Premium,2024-02-27,2024-03-28,Pending
128,128,Annual,2024-11-08,2025-11-08,Pending
129,129,Annual,2024-12-16,2025-03-16,Paid
130,130,Monthly,2024-04-09,2025-04-09,Overdue
131,131,Annual,2024-08-15,2025-08-15,Overdue
132,132,Premium,2024-10-03,2025-10-03,Pending
133,133,Annual,2024-07-06,2025-07-06,Overdue
134,134,Premium,2024-09-12,2024-10-12,Overdue
135,135,Annual,2024-03-21,2024-04-20,Overdue
136,136,Monthly,2024-04-10,2024-05-10,Pending
137,137,Monthly,2024-06-28,2025-06-28,Pending
138,138,Premium,2024-08-20,2025-08-20,Pending
139,139,Monthly,2024-12-01,2024-12-31,Paid
140,140,Quarterly,2024-07-12,2024-10-10,Pending
141,141,Annual,2024-05-17,2025-05-17,Paid
142,142,Premium,2024-09-23,2024-10-23,Pending
143,143,Annual,2024-07-06,2024-10-04,Overdue
144,144,Annual,2024-09-06,2024-12-05,Pending
145,145,Premium,2024-07-28,2024-08-27,Paid
146,146,Quarterly,2024-10-13,2025-01-11,Overdue
147,147,Quarterly,2024-12-23,2025-03-23,Overdue
148,148,Quarterly,2024-12-16,2025-12-16,Overdue
149,149,Quarterly,2024-07-10,2024-10-08,Overdue
150,150,Quarterly,2024-09-12,2024-10-12,Overdue
151,151,Annual,2024-02-02,2024-03-03,Pending
152,152,Annual,2024-08-25,2025-08-25,Paid
153,153,Premium,2024-02-16,2024-03-17,Paid
154,154,Premium,2024-04-12,2024-07-11,Overdue
155,155,Annual,2024-10-04,2025-10-04,Paid
156,156,Monthly,2024-02-24,2024-05-24,Pending
157,157,Monthly,2024-02-03,2024-05-03,Pending
158,158,Monthly,2024-06-15,2025-06-15,Paid
159,159,Premium,2024-10-16,2025-01-14,Overdue
160,160,Annual,2024-09-18,2024-12-17,Overdue
161,161,Premium,2024-02-24,2025-02-23,Pending
162,162,Annual,2024-07-02,2024-08-01,Overdue
163,163,Premium,2024-08-24,2024-09-23,Overdue
164,164,Premium,2024-08-24,2025-08-24,Paid
165,165,Premium,2024-03-11,2024-06-09,Overdue
166,166,Quarterly,2024-08-14,2024-11-12,Paid
167,167,Premium,2024-01-03,2024-02-02,Paid
168,168,Monthly,2024-11-02,2025-01-31,Overdue
169,169,Annual,2024-07-14,2025-07-14,Overdue
170,170,Premium,2024-11-04,2024-12-04,Pending
171,171,Premium,2024-10-23,2025-01-21,Overdue
172,172,Quarterly,2024-05-25,2025-05-25,Pending
173,173,Premium,2024-10-16,2025-01-14,Pending
174,174,Annual,2024-12-20,2025-03-20,Overdue
175,175,Annual,2024-12-17,2025-01-16,Pending
176,176,Quarterly,2024-02-28,2024-03-29,Pending
177,177,Monthly,2024-08-27,2025-08-27,Overdue
178,178,Quarterly,2024-03-10,2024-04-09,Pending
179,179,Quarterly,2024-09-16,2024-12-15,Paid
180,180,Premium,2024-10-19,2024-11-18,Pending
181,181,Annual,2024-10-01,2024-10-31,Pending
182,182,Quarterly,2024-04-19,2025-04-19,Paid
183,183,Premium,2024-10-22,2025-01-20,Pending
184,184,Premium,2024-12-16,2025-03-16,Overdue
185,185,Annual,2024-11-28,2025-02-26,Overdue
186,186,Monthly,2024-06-04,2025-06-04,Overdue
187,187,Premium,2024-05-21,2024-06-20,Overdue
188,188,Monthly,2024-01-02,2024-04-01,Overdue
189,189,Premium,2024-03-15,2024-04-14,Pending
190,190,Quarterly,2024-12-26,2025-03-26,Paid
191,191,Quarterly,2024-05-20,2025-05-20,Pending
192,192,Quarterly,2024-04-19,2025-04-19,Pending
193,193,Premium,2024-10-04,2024-11-03,Paid
194,194,Quarterly,2024-08-19,2024-11-17,Pending
195,195,Quarterly,2024-11-19,2025-02-17,Overdue
196,196,Premium,2024-02-19,2024-05-19,Pending
197,197,Premium,2024-09-25,2024-12-24,Paid
198,198,Annual,2024-06-01,2025-06-01,Overdue
199,199,Annual,2024-11-10,2025-02-08,Overdue
200,200,Monthly,2024-10-06,2025-10-06,Overdue
201,201,Premium,2024-05-16,2025-05-16,Pending
202,202,Premium,2024-02-14,2024-05-14,Pending
203,203,Premium,2024-06-13,2025-06-13,Overdue
204,204,Annual,2024-11-26,2025-11-26,Pending
205,205,Premium,2024-04-02,2024-05-02,Paid
206,206,Quarterly,2024-01-06,2025-01-05,Overdue
207,207,Monthly,2024-11-21,2024-12-21,Overdue
208,208,Quarterly,2024-07-14,2024-10-12,Paid
209,209,Monthly,2024-10-17,2024-11-16,Overdue
210,210,Premium,2024-02-16,2024-03-17,Pending
211,211,Quarterly,2024-08-27,2024-09-26,Paid
212,212,Quarterly,2024-06-21,2024-09-19,Overdue
213,213,Monthly,2024-07-07,2025-07-07,Pending
214,214,Monthly,2024-03-28,2025-03-28,Pending
215,215,Premium,2024-12-01,2025-03-01,Paid
216,216,Premium,2024-04-10,2024-07-09,Paid
217,217,Quarterly,2024-08-04,2024-09-03,Overdue
218,218,Premium,2024-01-02,2024-04-01,Overdue
219,219,Monthly,2024-07-03,2025-07-03,Paid
220,220,Annual,2024-06-21,2024-09-19,Pending
221,221,Annual,2024-10-05,2025-10-05,Overdue
222,222,Annual,2024-01-24,2025-01-23,Pending
223,223,Monthly,2024-05-04,2024-08-02,Paid
224,224,Monthly,2024-06-09,2025-06-09,Overdue
225,225,Monthly,2024-08-17,2024-11-15,Pending
226,226,Monthly,2024-02-12,2024-03-13,Overdue
227,227,Premium,2024-12-28,2025-12-28,Pending
228,228,Annual,2024-01-03,2025-01-02,Overdue
229,229,Annual,2024-04-11,2025-04-11,Overdue
230,230,Annual,2024-08-17,2025-08-17,Paid
231,231,Annual,2024-07-24,2024-08-23,Pending
232,232,Annual,2024-02-28,2024-03-29,Pending
233,233,Premium,2024-05-01,2025-05-01,Paid
234,234,Premium,2024-11-06,2024-12-06,Pending
235,235,Quarterly,2024-04-23,2024-05-23,Overdue
236,236,Quarterly,2024-02-17,2025-02-16,Overdue
237,237,Monthly,2024-11-19,2025-11-19,Overdue
238,238,Premium,2024-11-09,2025-11-09,Paid
239,239,Monthly,2024-05-17,2025-05-17,Pending
240,240,Annual,2024-12-11,2025-01-10,Pending
241,241,Monthly,2024-04-07,2025-04-07,Paid
242,242,Premium,2024-04-12,2024-07-11,Overdue
243,243,Monthly,2024-12-18,2025-03-18,Overdue
244,244,Quarterly,2024-05-25,2024-06-24,Pending
245,245,Monthly,2024-02-07,2024-03-08,Overdue
246,246,Monthly,2024-02-06,2024-05-06,Pending
247,247,Monthly,2024-10-19,2025-01-17,Paid
248,248,Premium,2024-02-05,2025-02-04,Overdue
249,249,Annual,2024-06-17,2025-06-17,Paid
250,250,Monthly,2024-08-10,2025-08-10,Overdue
251,251,Quarterly,2024-09-16,2025-09-16,Paid
252,252,Premium,2024-01-28,2025-01-27,Overdue
253,253,Monthly,2024-02-28,2024-05-28,Paid
254,254,Quarterly,2024-04-06,2025-04-06,Paid
255,255,Annual,2024-05-18,2024-08-16,Pending
256,256,Monthly,2024-05-07,2025-05-07,Overdue
257,257,Quarterly,2024-09-06,2024-12-05,Paid
258,258,Monthly,2024-08-07,2024-11-05,Paid
259,259,Monthly,2024-01-15,2025-01-14,Overdue
260,260,Annual,2024-04-15,2024-05-15,Pending
261,261,Premium,2024-01-17,2024-02-16,Overdue
262,262,Monthly,2024-12-03,2025-12-03,Overdue
263,263,Annual,2024-12-10,2025-12-10,Paid
264,264,Quarterly,2024-01-20,2025-01-19,Paid
265,265,Quarterly,2024-08-21,2025-08-21,Overdue
266,266,Annual,2024-07-19,2025-07-19,Pending
267,267,Annual,2024-09-28,2024-12-27,Pending
268,268,Monthly,2024-01-26,2024-04-25,Paid
269,269,Quarterly,2024-08-13,2024-09-12,Overdue
270,270,Quarterly,2024-04-19,2024-05-19,Paid
271,271,Premium,2024-12-16,2025-01-15,Overdue
272,272,Quarterly,2024-11-08,2024-12-08,Overdue
273,273,Annual,2024-09-05,2024-10-05,Pending
274,274,Monthly,2024-06-07,2024-07-07,Overdue
275,275,Premium,2024-12-13,2025-01-12,Overdue
276,276,Monthly,2024-07-04,2025-07-04,Paid
277,277,Premium,2024-08-26,2025-08-26,Overdue
278,278,Premium,2024-09-13,2024-10-13,Overdue
279,279,Premium,2024-03-07,2025-03-07,Pending
280,280,Monthly,2024-10-01,2025-10-01,Pending
281,281,Annual,2024-08-05,2025-08-05,Paid
282,282,Quarterly,2024-12-10,2025-01-09,Paid
283,283,Premium,2024-02-06,2025-02-05,Overdue
284,284,Annual,2024-06-02,2024-07-02,Paid
285,285,Monthly,2024-07-18,2024-08-17,Overdue
286,286,Annual,2024-02-16,2024-03-17,Pending
287,287,Quarterly,2024-03-06,2025-03-06,Overdue
288,288,Annual,2024-10-06,2025-10-06,Paid
289,289,Quarterly,2024-01-21,2024-04-20,Paid
290,290,Premium,2024-09-02,2024-12-01,Pending
291,291,Premium,2024-01-23,2024-02-22,Overdue
292,292,Monthly,2024-06-14,2025-06-14,Overdue
293,293,Quarterly,2024-12-25,2025-03-25,Pending
294,294,Monthly,2024-12-08,2025-03-08,Paid
295,295,Premium,2024-03-11,2024-04-10,Paid
296,296,Premium,2024-04-01,2025-04-01,Pending
297,297,Monthly,2024-06-05,2024-07-05,Paid
298,298,Quarterly,2024-10-28,2024-11-27,Overdue
299,299,Premium,2024-07-07,2024-08-06,Paid
300,300,Premium,2024-01-20,2024-02-19,Paid
301,301,Quarterly,2024-06-21,2025-06-21,Pending
302,302,Annual,2024-07-24,2024-10-22,Paid
303,303,Monthly,2024-09-10,2025-09-10,Overdue
304,304,Premium,2024-06-10,2024-07-10,Overdue
305,305,Premium,2024-04-17,2024-07-16,Overdue
306,306,Annual,2024-06-14,2025-06-14,Overdue
307,307,Quarterly,2024-06-16,2024-07-16,Overdue
308,308,Monthly,2024-12-19,2025-12-19,Overdue
309,309,Premium,2024-08-10,2025-08-10,Overdue
310,310,Annual,2024-01-23,2024-02-22,Pending
311,311,Annual,2024-09-12,2024-12-11,Pending
312,312,Quarterly,2024-03-06,2025-03-06,Pending
313,313,Premium,2024-04-05,2024-07-04,Paid
314,314,Premium,2024-03-04,2025-03-04,Paid
315,315,Quarterly,2024-01-23,2024-02-22,Pending
316,316,Annual,2024-10-07,2024-11-06,Pending
317,317,Quarterly,2024-07-17,2024-08-16,Overdue
318,318,Quarterly,2024-03-19,2025-03-19,Pending
319,319,Quarterly,2024-10-25,2025-01-23,Pending
320,320,Quarterly,2024-07-28,2025-07-28,Overdue
321,321,Annual,2024-03-19,2024-06-17,Overdue
322,322,Monthly,2024-10-26,2024-11-25,Overdue
323,323,Annual,2024-10-06,2024-11-05,Paid
324,324,Monthly,2024-09-11,2025-09-11,Paid
325,325,Premium,2024-02-02,2025-02-01,Overdue
326,326,Monthly,2024-04-04,2024-07-03,Pending
327,327,Monthly,2024-02-19,2025-02-18,Pending
328,328,Premium,2024-06-28,2024-09-26,Overdue
329,329,Annual,2024-08-12,2024-09-11,Overdue
330,330,Monthly,2024-09-20,2024-10-20,Pending
331,331,Annual,2024-01-11,2024-02-10,Paid
332,332,Monthly,2024-04-12,2024-05-12,Paid
333,333,Premium,2024-08-02,2025-08-02,Overdue
334,334,Premium,2024-03-12,2024-06-10,Pending
335,335,Monthly,2024-11-05,2025-11-05,Pending
336,336,Annual,2024-07-21,2024-10-19,Overdue
337,337,Premium,2024-12-16,2025-01-15,Paid
338,338,Premium,2024-01-18,2024-04-17,Overdue
339,339,Quarterly,2024-03-15,2024-04-14,Overdue
340,340,Quarterly,2024-10-03,2025-10-03,Paid
341,341,Annual,2024-02-08,2024-03-09,Overdue
342,342,Annual,2024-06-09,2024-07-09,Paid
343,343,Annual,2024-02-09,2024-03-10,Pending
344,344,Monthly,2024-08-05,2024-09-04,Pending
345,345,Annual,2024-12-18,2025-03-18,Overdue
346,346,Premium,2024-10-22,2025-01-20,Pending
347,347,Annual,2024-06-20,2025-06-20,Paid
348,348,Quarterly,2024-05-04,2024-08-02,Paid
349,349,Premium,2024-10-04,2024-11-03,Pending
350,350,Quarterly,2024-09-12,2025-09-12,Overdue
351,351,Monthly,2024-12-24,2025-12-24,Pending
352,352,Quarterly,2024-04-27,2025-04-27,Pending
353,353,Monthly,2024-11-11,2024-12-11,Pending
354,354,Quarterly,2024-08-14,2024-09-13,Paid
355,355,Premium,2024-07-19,2025-07-19,Pending
356,356,Quarterly,2024-04-19,2025-04-19,Pending
357,357,Quarterly,2024-02-07,2024-05-07,Pending
358,358,Monthly,2024-06-20,2024-09-18,Overdue
359,359,Premium,2024-07-14,2024-10-12,Paid
360,360,Quarterly,2024-06-15,2024-09-13,Overdue
361,361,Quarterly,2024-01-11,2024-02-10,Pending
362,362,Annual,2024-09-15,2025-09-15,Paid
363,363,Quarterly,2024-06-26,2024-09-24,Pending
364,364,Monthly,2024-06-21,2025-06-21,Paid
365,365,Monthly,2024-07-13,2024-08-12,Pending
366,366,Monthly,2024-06-28,2025-06-28,Overdue
367,367,Annual,2024-02-07,2024-03-08,Paid
368,368,Quarterly,2024-06-15,2024-09-13,Overdue
369,369,Premium,2024-03-14,2025-03-14,Paid
370,370,Quarterly,2024-07-18,2024-10-16,Paid
371,371,Quarterly,2024-06-27,2024-07-27,Overdue
372,372,Monthly,2024-07-18,2025-07-18,Paid
373,373,Monthly,2024-12-18,2025-03-18,Paid
374,374,Premium,2024-12-13,2025-12-13,Pending
375,375,Premium,2024-07-22,2025-07-22,Paid
376,376,Annual,2024-03-03,2025-03-03,Paid
377,377,Monthly,2024-06-07,2024-07-07,Pending
378,378,Premium,2024-02-28,2024-05-28,Overdue
379,379,Monthly,2024-05-21,2024-08-19,Paid
380,380,Premium,2024-01-02,2025-01-01,Pending
381,381,Quarterly,2024-02-28,2025-02-27,Pending
382,382,Premium,2024-01-22,2025-01-21,Pending
383,383,Annual,2024-07-03,2024-08-02,Overdue
384,384,Premium,2024-09-15,2024-10-15,Pending
385,385,Annual,2024-10-14,2024-11-13,Overdue
386,386,Premium,2024-05-27,2024-06-26,Overdue
387,387,Quarterly,2024-03-19,2024-04-18,Pending
388,388,Monthly,2024-04-19,2024-07-18,Pending
389,389,Annual,2024-05-23,2024-06-22,Paid
390,390,Premium,2024-04-28,2024-07-27,Pending
391,391,Annual,2024-10-20,2025-01-18,Overdue
392,392,Monthly,2024-04-10,2024-07-09,Pending
393,393,Annual,2024-11-16,2025-02-14,Overdue
394,394,Monthly,2024-05-13,2025-05-13,Pending
395,395,Premium,2024-05-23,2024-08-21,Pending
396,396,Monthly,2024-10-07,2024-11-06,Overdue
397,397,Quarterly,2024-09-22,2024-10-22,Overdue
398,398,Premium,2024-05-26,2025-05-26,Paid
399,399,Quarterly,2024-01-07,2024-04-06,Overdue
400,400,Premium,2024-03-14,2024-04-13,Overdue
401,401,Premium,2024-12-10,2025-12-10,Overdue
402,402,Quarterly,2024-12-25,2025-12-25,Overdue
403,403,Monthly,2024-06-23,2024-09-21,Overdue
404,404,Annual,2024-05-04,2025-05-04,Overdue
405,405,Monthly,2024-08-10,2024-09-09,Paid
406,406,Quarterly,2024-02-02,2025-02-01,Overdue
407,407,Quarterly,2024-09-03,2025-09-03,Pending
408,408,Premium,2024-08-11,2024-11-09,Paid
409,409,Monthly,2024-07-21,2024-08-20,Paid
410,410,Quarterly,2024-07-12,2024-10-10,Overdue
411,411,Quarterly,2024-03-16,2025-03-16,Overdue
412,412,Quarterly,2024-05-20,2024-06-19,Overdue
413,413,Premium,2024-07-12,2024-10-10,Pending
414,414,Premium,2024-02-28,2025-02-27,Paid
415,415,Quarterly,2024-05-03,2024-08-01,Pending
416,416,Monthly,2024-11-24,2024-12-24,Paid
417,417,Annual,2024-02-01,2024-03-02,Overdue
418,418,Annual,2024-05-23,2024-06-22,Pending
419,419,Premium,2024-11-01,2025-01-30,Overdue
420,420,Monthly,2024-07-28,2025-07-28,Overdue
421,421,Premium,2024-01-24,2024-04-23,Pending
422,422,Premium,2024-12-14,2025-12-14,Paid
423,423,Quarterly,2024-12-16,2025-03-16,Paid
424,424,Monthly,2024-07-08,2025-07-08,Pending
425,425,Quarterly,2024-06-15,2025-06-15,Pending
426,426,Monthly,2024-10-10,2025-10-10,Pending
427,427,Monthly,2024-01-19,2024-02-18,Overdue
428,428,Monthly,2024-10-09,2025-10-09,Pending
429,429,Premium,2024-12-13,2025-03-13,Paid
430,430,Quarterly,2024-02-16,2025-02-15,Pending
431,431,Monthly,2024-06-12,2024-09-10,Pending
432,432,Premium,2024-02-01,2025-01-31,Paid
433,433,Quarterly,2024-08-07,2024-09-06,Overdue
434,434,Premium,2024-01-28,2024-04-27,Paid
435,435,Quarterly,2024-12-03,2025-03-03,Overdue
436,436,Premium,2024-10-09,2025-01-07,Overdue
437,437,Premium,2024-06-10,2024-07-10,Paid
438,438,Annual,2024-03-09,2025-03-09,Paid
439,439,Monthly,2024-08-10,2025-08-10,Pending
440,440,Monthly,2024-07-10,2024-08-09,Overdue
441,441,Monthly,2024-05-26,2024-08-24,Overdue
442,442,Annual,2024-08-14,2024-11-12,Paid
443,443,Premium,2024-05-21,2025-05-21,Overdue
444,444,Annual,2024-07-23,2024-08-22,Overdue
445,445,Premium,2024-01-22,2025-01-21,Pending
446,446,Quarterly,2024-02-15,2024-05-15,Overdue
447,447,Monthly,2024-10-25,2025-10-25,Pending
448,448,Premium,2024-06-08,2024-07-08,Overdue
449,449,Annual,2024-04-28,2024-07-27,Paid
450,450,Premium,2024-01-02,2025-01-01,Paid
451,451,Premium,2024-08-09,2024-09-08,Overdue
452,452,Annual,2024-10-19,2025-10-19,Overdue
453,453,Premium,2024-02-07,2025-02-06,Pending
454,454,Premium,2024-12-18,2025-01-17,Pending
455,455,Premium,2024-04-15,2025-04-15,Overdue
456,456,Monthly,2024-07-09,2024-10-07,Paid
457,457,Quarterly,2024-01-15,2025-01-14,Pending
458,458,Monthly,2024-02-03,2024-03-04,Overdue
459,459,Annual,2024-08-06,2025-08-06,Overdue
460,460,Annual,2024-04-24,2024-05-24,Paid
461,461,Annual,2024-06-02,2024-07-02,Paid
462,462,Monthly,2024-08-14,2025-08-14,Pending
463,463,Monthly,2024-04-07,2025-04-07,Paid
464,464,Monthly,2024-02-20,2025-02-19,Pending
465,465,Quarterly,2024-01-14,2024-04-13,Paid
466,466,Annual,2024-08-10,2025-08-10,Pending
467,467,Annual,2024-08-11,2024-11-09,Pending
468,468,Quarterly,2024-12-09,2025-03-09,Pending
469,469,Annual,2024-08-23,2024-11-21,Overdue
470,470,Monthly,2024-01-10,2025-01-09,Overdue
471,471,Premium,2024-12-01,2024-12-31,Paid
472,472,Monthly,2024-09-19,2025-09-19,Paid
473,473,Quarterly,2024-03-26,2025-03-26,Pending
474,474,Monthly,2024-12-03,2025-01-02,Pending
475,475,Annual,2024-03-09,2024-04-08,Pending
476,476,Premium,2024-12-05,2025-12-05,Overdue
477,477,Premium,2024-08-18,2024-09-17,Pending
478,478,Annual,2024-01-02,2025-01-01,Paid
479,479,Annual,2024-02-27,2024-05-27,Paid
480,480,Quarterly,2024-04-26,2024-05-26,Pending
481,481,Annual,2024-03-22,2025-03-22,Overdue
482,482,Monthly,2024-05-18,2024-06-17,Paid
483,483,Monthly,2024-01-28,2025-01-27,Pending
484,484,Premium,2024-04-10,2024-05-10,Paid
485,485,Premium,2024-01-16,2024-02-15,Pending
486,486,Annual,2024-01-13,2024-02-12,Paid
487,487,Monthly,2024-03-18,2025-03-18,Paid
488,488,Annual,2024-03-14,2024-04-13,Paid
489,489,Quarterly,2024-07-19,2024-08-18,Paid
490,490,Monthly,2024-09-09,2024-10-09,Pending
491,491,Quarterly,2024-01-28,2024-04-27,Pending
492,492,Premium,2024-06-28,2024-07-28,Overdue
493,493,Annual,2024-09-21,2025-09-21,Overdue
494,494,Annual,2024-06-23,2025-06-23,Overdue
495,495,Annual,2024-09-26,2025-09-26,Pending
496,496,Monthly,2024-08-17,2024-09-16,Overdue
497,497,Premium,2024-10-18,2025-01-16,Paid
498,498,Premium,2024-09-24,2024-10-24,Pending
499,499,Quarterly,2024-12-25,2025-12-25,Overdue
500,500,Premium,2024-09-28,2025-09-28,Pending
501,501,Quarterly,2024-01-11,2024-02-10,Paid
502,502,Annual,2024-06-08,2024-07-08,Pending
503,503,Annual,2024-01-15,2024-02-14,Pending
504,504,Quarterly,2024-02-18,2024-05-18,Paid
505,505,Quarterly,2024-12-23,2025-01-22,Overdue
506,506,Monthly,2024-11-24,2025-02-22,Pending
507,507,Premium,2024-07-21,2024-10-19,Paid
508,508,Annual,2024-04-07,2024-05-07,Pending
509,509,Premium,2024-08-08,2024-09-07,Pending
510,510,Quarterly,2024-01-15,2025-01-14,Pending
511,511,Premium,2024-09-26,2024-10-26,Overdue
512,512,Monthly,2024-04-17,2025-04-17,Pending
513,513,Monthly,2024-02-26,2024-03-27,Paid
514,514,Premium,2024-08-16,2024-09-15,Overdue
515,515,Quarterly,2024-12-02,2025-12-02,Pending
516,516,Quarterly,2024-10-07,2025-01-05,Pending
517,517,Quarterly,2024-12-04,2025-01-03,Paid
518,518,Premium,2024-11-06,2024-12-06,Overdue
519,519,Quarterly,2024-03-22,2025-03-22,Paid
520,520,Quarterly,2024-07-06,2024-08-05,Pending
521,521,Annual,2024-11-09,2025-02-07,Pending
522,522,Premium,2024-07-27,2024-10-25,Paid
523,523,Premium,2024-08-22,2024-11-20,Pending
524,524,Annual,2024-05-27,2025-05-27,Paid
525,525,Premium,2024-08-21,2024-09-20,Pending
526,526,Premium,2024-10-02,2024-11-01,Pending
527,527,Quarterly,2024-01-07,2024-02-06,Pending
528,528,Annual,2024-11-02,2025-11-02,Pending
529,529,Premium,2024-05-04,2024-08-02,Paid
530,530,Premium,2024-06-23,2024-09-21,Paid
531,531,Annual,2024-07-13,2025-07-13,Pending
532,532,Quarterly,2024-12-25,2025-01-24,Pending
533,533,Annual,2024-10-28,2024-11-27,Overdue
534,534,Premium,2024-12-22,2025-12-22,Pending
535,535,Monthly,2024-10-08,2025-10-08,Paid
536,536,Quarterly,2024-03-15,2024-06-13,Paid
537,537,Monthly,2024-03-10,2024-06-08,Paid
538,538,Annual,2024-03-21,2024-04-20,Paid
539,539,Quarterly,2024-02-07,2024-03-08,Paid
540,540,Quarterly,2024-11-14,2025-02-12,Overdue
541,541,Quarterly,2024-09-27,2024-10-27,Overdue
542,542,Premium,2024-01-14,2025-01-13,Overdue
543,543,Quarterly,2024-08-24,2024-11-22,Paid
544,544,Quarterly,2024-04-08,2024-07-07,Overdue
545,545,Annual,2024-01-09,2024-04-08,Paid
546,546,Premium,2024-01-11,2024-02-10,Paid
547,547,Premium,2024-03-01,2024-05-30,Paid
548,548,Monthly,2024-05-06,2025-05-06,Pending
549,549,Monthly,2024-01-22,2024-04-21,Pending
550,550,Quarterly,2024-03-04,2024-06-02,Pending
551,551,Premium,2024-07-27,2025-07-27,Pending
552,552,Quarterly,2024-06-19,2024-09-17,Overdue
553,553,Monthly,2024-11-20,2025-11-20,Pending
554,554,Premium,2024-06-07,2025-06-07,Pending
555,555,Annual,2024-03-11,2024-04-10,Paid
556,556,Premium,2024-11-10,2025-02-08,Pending
557,557,Annual,2024-05-11,2024-06-10,Paid
558,558,Monthly,2024-08-25,2024-09-24,Pending
559,559,Annual,2024-09-23,2024-12-22,Paid
560,560,Premium,2024-06-07,2024-09-05,Overdue
561,561,Premium,2024-04-20,2024-07-19,Pending
562,562,Monthly,2024-11-13,2025-02-11,Overdue
563,563,Annual,2024-03-26,2024-06-24,Overdue
564,564,Monthly,2024-05-20,2024-06-19,Paid
565,565,Annual,2024-06-16,2025-06-16,Pending
566,566,Quarterly,2024-10-13,2024-11-12,Pending
567,567,Annual,2024-10-15,2025-10-15,Overdue
568,568,Premium,2024-02-16,2024-03-17,Overdue
569,569,Quarterly,2024-07-17,2024-08-16,Overdue
570,570,Quarterly,2024-10-28,2024-11-27,Overdue
571,571,Annual,2024-03-25,2024-06-23,Pending
572,572,Quarterly,2024-07-20,2024-08-19,Overdue
573,573,Annual,2024-08-01,2025-08-01,Paid
574,574,Quarterly,2024-10-24,2025-01-22,Paid
575,575,Quarterly,2024-10-09,2024-11-08,Paid
576,576,Quarterly,2024-12-17,2025-03-17,Pending
577,577,Monthly,2024-05-07,2025-05-07,Pending
578,578,Annual,2024-10-26,2025-10-26,Overdue
579,579,Annual,2024-03-04,2025-03-04,Paid
580,580,Premium,2024-11-18,2025-11-18,Paid
581,581,Monthly,2024-07-19,2024-10-17,Pending
582,582,Premium,2024-01-10,2024-02-09,Overdue
583,583,Monthly,2024-12-21,2025-01-20,Pending
584,584,Premium,2024-09-27,2025-09-27,Pending
585,585,Monthly,2024-11-27,2025-02-25,Pending
586,586,Monthly,2024-02-02,2024-03-03,Pending
587,587,Annual,2024-08-17,2024-09-16,Pending
588,588,Quarterly,2024-08-18,2024-09-17,Paid
589,589,Premium,2024-01-26,2024-02-25,Overdue
590,590,Premium,2024-05-10,2024-06-09,Pending
591,591,Premium,2024-02-28,2024-03-29,Overdue
592,592,Monthly,2024-10-23,2025-01-21,Overdue
593,593,Monthly,2024-04-18,2024-07-17,Pending
594,594,Annual,2024-01-27,2025-01-26,Paid
595,595,Annual,2024-07-14,2024-10-12,Pending
596,596,Annual,2024-11-27,2024-12-27,Pending
597,597,Premium,2024-04-12,2024-05-12,Paid
598,598,Monthly,2024-05-09,2024-06-08,Overdue
599,599,Premium,2024-02-06,2024-03-07,Pending
600,600,Monthly,2024-04-11,2024-07-10,Overdue
601,601,Quarterly,2024-02-09,2025-02-08,Paid
602,602,Quarterly,2024-07-16,2024-10-14,Overdue
603,603,Monthly,2024-08-14,2025-08-14,Pending
604,604,Monthly,2024-08-05,2024-11-03,Overdue
605,605,Monthly,2024-12-15,2025-01-14,Overdue
606,606,Premium,2024-08-05,2025-08-05,Pending
607,607,Premium,2024-04-05,2024-05-05,Paid
608,608,Monthly,2024-04-24,2024-07-23,Pending
609,609,Annual,2024-05-22,2025-05-22,Pending
610,610,Monthly,2024-11-17,2025-11-17,Pending
611,611,Premium,2024-12-19,2025-01-18,Paid
612,612,Annual,2024-07-09,2024-10-07,Pending
613,613,Annual,2024-09-16,2024-10-16,Paid
614,614,Premium,2024-03-20,2024-06-18,Pending
615,615,Annual,2024-10-15,2025-10-15,Paid
616,616,Annual,2024-03-25,2024-04-24,Pending
617,617,Monthly,2024-10-08,2024-11-07,Paid
618,618,Annual,2024-06-01,2025-06-01,Pending
619,619,Premium,2024-05-11,2024-06-10,Pending
620,620,Annual,2024-05-11,2024-08-09,Pending
621,621,Monthly,2024-03-02,2025-03-02,Pending
622,622,Annual,2024-07-03,2024-10-01,Paid
623,623,Monthly,2024-05-13,2025-05-13,Pending
624,624,Annual,2024-04-09,2024-05-09,Overdue
625,625,Premium,2024-03-23,2025-03-23,Paid
626,626,Annual,2024-04-16,2025-04-16,Pending
627,627,Quarterly,2024-10-22,2025-01-20,Pending
628,628,Premium,2024-05-19,2024-08-17,Paid
629,629,Monthly,2024-02-13,2024-03-14,Overdue
630,630,Annual,2024-11-08,2024-12-08,Paid
631,631,Premium,2024-02-02,2024-05-02,Paid
632,632,Annual,2024-08-14,2024-09-13,Overdue
633,633,Quarterly,2024-12-01,2024-12-31,Paid
634,634,Annual,2024-06-16,2024-07-16,Overdue
635,635,Monthly,2024-11-10,2025-02-08,Pending
636,636,Monthly,2024-07-06,2025-07-06,Overdue
637,637,Quarterly,2024-09-02,2025-09-02,Paid
638,638,Annual,2024-12-11,2025-12-11,Paid
639,639,Monthly,2024-01-07,2024-02-06,Overdue
640,640,Annual,2024-11-25,2025-11-25,Paid
641,641,Quarterly,2024-10-07,2025-10-07,Overdue
642,642,Monthly,2024-02-27,2024-03-28,Pending
643,643,Premium,2024-12-10,2025-01-09,Pending
644,644,Quarterly,2024-04-25,2024-07-24,Paid
645,645,Premium,2024-03-03,2024-06-01,Paid
646,646,Monthly,2024-08-27,2024-11-25,Pending
647,647,Premium,2024-09-15,2024-12-14,Paid
648,648,Quarterly,2024-08-17,2025-08-17,Paid
649,649,Monthly,2024-05-08,2024-06-07,Overdue
650,650,Premium,2024-06-28,2025-06-28,Overdue
651,651,Quarterly,2024-09-15,2024-10-15,Paid
652,652,Monthly,2024-02-11,2025-02-10,Paid
653,653,Premium,2024-01-09,2024-02-08,Paid
654,654,Premium,2024-11-12,2025-02-10,Pending
655,655,Premium,2024-02-16,2025-02-15,Paid
656,656,Annual,2024-05-01,2025-05-01,Paid
657,657,Annual,2024-09-18,2024-12-17,Overdue
658,658,Annual,2024-03-17,2024-06-15,Paid
659,659,Quarterly,2024-09-26,2025-09-26,Pending
660,660,Quarterly,2024-12-13,2025-01-12,Pending
661,661,Premium,2024-11-28,2025-02-26,Overdue
662,662,Quarterly,2024-12-11,2025-01-10,Pending
663,663,Monthly,2024-05-19,2024-08-17,Pending
664,664,Monthly,2024-06-25,2024-07-25,Overdue
665,665,Quarterly,2024-07-06,2025-07-06,Paid
666,666,Premium,2024-09-14,2024-12-13,Paid
667,667,Premium,2024-04-26,2024-05-26,Overdue
668,668,Quarterly,2024-10-03,2025-01-01,Pending
669,669,Quarterly,2024-09-21,2024-12-20,Pending
670,670,Monthly,2024-04-21,2025-04-21,Overdue
671,671,Monthly,2024-07-11,2024-08-10,Pending
672,672,Premium,2024-02-26,2025-02-25,Overdue
673,673,Quarterly,2024-02-11,2024-05-11,Pending
674,674,Premium,2024-12-04,2025-01-03,Paid
675,675,Monthly,2024-05-16,2025-05-16,Overdue
676,676,Monthly,2024-04-20,2024-05-20,Pending
677,677,Quarterly,2024-06-28,2025-06-28,Overdue
678,678,Premium,2024-05-28,2025-05-28,Overdue
679,679,Monthly,2024-11-02,2025-11-02,Overdue
680,680,Monthly,2024-07-11,2024-08-10,Pending
681,681,Annual,2024-07-16,2025-07-16,Pending
682,682,Monthly,2024-03-02,2024-04-01,Pending
683,683,Premium,2024-02-18,2024-05-18,Pending
684,684,Annual,2024-07-07,2025-07-07,Pending
685,685,Monthly,2024-12-22,2025-01-21,Paid
686,686,Annual,2024-02-07,2024-03-08,Overdue
687,687,Annual,2024-03-13,2025-03-13,Overdue
688,688,Premium,2024-09-10,2024-12-09,Paid
689,689,Quarterly,2024-05-10,2025-05-10,Pending
690,690,Monthly,2024-06-07,2024-07-07,Overdue
691,691,Premium,2024-11-09,2025-02-07,Paid
692,692,Monthly,2024-12-05,2025-03-05,Paid
693,693,Premium,2024-11-14,2025-02-12,Paid
694,694,Premium,2024-09-17,2024-10-17,Pending
695,695,Quarterly,2024-04-01,2025-04-01,Overdue
696,696,Monthly,2024-06-07,2025-06-07,Paid
697,697,Premium,2024-07-24,2024-10-22,Paid
698,698,Monthly,2024-08-10,2024-09-09,Pending
699,699,Monthly,2024-09-01,2025-09-01,Paid
700,700,Annual,2024-04-01,2024-06-30,Pending
701,701,Premium,2024-05-05,2024-06-04,Paid
702,702,Annual,2024-09-05,2024-10-05,Paid
703,703,Quarterly,2024-12-10,2025-01-09,Overdue
704,704,Quarterly,2024-03-03,2025-03-03,Paid
705,705,Monthly,2024-08-09,2024-09-08,Paid
706,706,Premium,2024-04-19,2024-05-19,Paid
707,707,Annual,2024-05-07,2024-06-06,Overdue
708,708,Premium,2024-03-13,2025-03-13,Pending
709,709,Quarterly,2024-07-18,2024-08-17,Overdue
710,710,Premium,2024-10-06,2025-10-06,Paid
711,711,Monthly,2024-07-16,2025-07-16,Paid
712,712,Monthly,2024-05-20,2024-06-19,Paid
713,713,Monthly,2024-12-02,2025-03-02,Paid
714,714,Annual,2024-06-13,2024-07-13,Overdue
715,715,Quarterly,2024-03-11,2024-04-10,Paid
716,716,Monthly,2024-07-11,2024-10-09,Paid
717,717,Annual,2024-10-18,2024-11-17,Pending
718,718,Monthly,2024-06-05,2024-07-05,Overdue
719,719,Monthly,2024-11-07,2025-02-05,Paid
720,720,Quarterly,2024-05-07,2024-06-06,Paid
721,721,Quarterly,2024-01-01,2024-03-31,Overdue
722,722,Premium,2024-12-02,2025-12-02,Paid
723,723,Premium,2024-10-16,2025-10-16,Pending
724,724,Premium,2024-09-25,2025-09-25,Pending
725,725,Premium,2024-08-10,2024-11-08,Overdue
726,726,Premium,2024-06-04,2024-09-02,Pending
727,727,Quarterly,2024-12-18,2025-03-18,Pending
728,728,Annual,2024-02-10,2024-05-10,Pending
729,729,Annual,2024-06-16,2025-06-16,Pending
730,730,Annual,2024-08-24,2025-08-24,Overdue
731,731,Quarterly,2024-08-23,2025-08-23,Overdue
732,732,Quarterly,2024-10-08,2024-11-07,Pending
733,733,Monthly,2024-05-15,2024-08-13,Overdue
734,734,Quarterly,2024-11-07,2025-11-07,Overdue
735,735,Annual,2024-01-20,2024-02-19,Pending
736,736,Annual,2024-09-26,2025-09-26,Pending
737,737,Premium,2024-01-20,2024-02-19,Pending
738,738,Quarterly,2024-06-04,2024-09-02,Pending
739,739,Premium,2024-10-17,2025-10-17,Pending
740,740,Quarterly,2024-06-06,2024-09-04,Overdue
741,741,Annual,2024-08-06,2024-09-05,Paid
742,742,Monthly,2024-03-06,2024-06-04,Pending
743,743,Quarterly,2024-05-13,2025-05-13,Pending
744,744,Premium,2024-07-09,2024-10-07,Overdue
745,745,Annual,2024-02-04,2024-03-05,Pending
746,746,Premium,2024-02-14,2024-03-15,Pending
747,747,Monthly,2024-04-14,2024-07-13,Overdue
748,748,Premium,2024-04-11,2025-04-11,Paid
749,749,Monthly,2024-07-18,2024-08-17,Pending
750,750,Monthly,2024-04-20,2025-04-20,Overdue
751,751,Premium,2024-10-07,2025-10-07,Pending
752,752,Annual,2024-01-11,2024-02-10,Overdue
753,753,Premium,2024-07-08,2024-10-06,Overdue
754,754,Monthly,2024-06-11,2025-06-11,Pending
755,755,Monthly,2024-03-15,2024-04-14,Pending
756,756,Quarterly,2024-11-27,2025-11-27,Overdue
757,757,Annual,2024-02-04,2024-03-05,Overdue
758,758,Annual,2024-01-10,2025-01-09,Pending
759,759,Premium,2024-03-26,2024-04-25,Pending
760,760,Monthly,2024-07-02,2025-07-02,Pending
761,761,Premium,2024-01-04,2024-04-03,Pending
762,762,Premium,2024-11-12,2025-11-12,Paid
763,763,Monthly,2024-10-17,2025-01-15,Overdue
764,764,Premium,2024-01-08,2024-02-07,Overdue
765,765,Monthly,2024-10-10,2024-11-09,Pending
766,766,Monthly,2024-06-08,2024-09-06,Paid
767,767,Quarterly,2024-12-14,2025-03-14,Paid
768,768,Quarterly,2024-02-21,2024-05-21,Pending
769,769,Annual,2024-09-24,2024-12-23,Overdue
770,770,Monthly,2024-11-02,2024-12-02,Paid
771,771,Premium,2024-06-21,2024-09-19,Paid
772,772,Monthly,2024-09-11,2024-12-10,Overdue
773,773,Annual,2024-03-24,2024-06-22,Paid
774,774,Monthly,2024-07-20,2024-10-18,Pending
775,775,Monthly,2024-11-14,2025-02-12,Paid
776,776,Monthly,2024-11-24,2025-11-24,Overdue
777,777,Annual,2024-09-12,2024-12-11,Paid
778,778,Quarterly,2024-07-10,2024-08-09,Overdue
779,779,Monthly,2024-10-20,2024-11-19,Overdue
780,780,Premium,2024-08-28,2025-08-28,Paid
781,781,Premium,2024-09-14,2025-09-14,Pending
782,782,Annual,2024-12-09,2025-01-08,Overdue
783,783,Annual,2024-05-27,2024-08-25,Pending
784,784,Monthly,2024-12-19,2025-12-19,Overdue
785,785,Premium,2024-01-15,2024-02-14,Pending
786,786,Premium,2024-03-21,2025-03-21,Overdue
787,787,Premium,2024-01-21,2024-04-20,Paid
788,788,Quarterly,2024-03-02,2025-03-02,Overdue
789,789,Monthly,2024-10-24,2024-11-23,Paid
790,790,Quarterly,2024-02-10,2025-02-09,Pending
791,791,Quarterly,2024-09-27,2024-12-26,Overdue
792,792,Annual,2024-03-23,2025-03-23,Pending
793,793,Quarterly,2024-05-17,2024-08-15,Overdue
794,794,Quarterly,2024-11-17,2024-12-17,Overdue
795,795,Annual,2024-02-06,2024-03-07,Overdue
796,796,Monthly,2024-02-20,2024-03-21,Paid
797,797,Annual,2024-08-20,2024-11-18,Paid
798,798,Annual,2024-03-09,2025-03-09,Paid
799,799,Premium,2024-09-18,2025-09-18,Overdue
800,800,Premium,2024-05-01,2025-05-01,Paid
801,801,Annual,2024-12-09,2025-12-09,Pending
802,802,Premium,2024-09-11,2024-10-11,Overdue
803,803,Monthly,2024-08-28,2024-09-27,Paid
804,804,Monthly,2024-07-06,2024-08-05,Pending
805,805,Annual,2024-05-22,2025-05-22,Paid
806,806,Annual,2024-03-12,2024-06-10,Pending
807,807,Annual,2024-12-15,2025-01-14,Overdue
808,808,Monthly,2024-08-10,2024-09-09,Overdue
809,809,Quarterly,2024-01-03,2024-04-02,Paid
810,810,Premium,2024-12-11,2025-01-10,Paid
811,811,Monthly,2024-01-28,2024-04-27,Overdue
812,812,Quarterly,2024-08-20,2025-08-20,Paid
813,813,Monthly,2024-01-22,2025-01-21,Paid
814,814,Premium,2024-10-27,2024-11-26,Paid
815,815,Monthly,2024-11-12,2024-12-12,Overdue
816,816,Premium,2024-04-25,2024-05-25,Pending
817,817,Premium,2024-11-23,2025-11-23,Paid
818,818,Annual,2024-03-17,2025-03-17,Overdue
819,819,Premium,2024-12-25,2025-01-24,Pending
820,820,Monthly,2024-01-14,2024-04-13,Overdue
821,821,Quarterly,2024-09-10,2024-10-10,Pending
822,822,Quarterly,2024-01-05,2024-04-04,Overdue
823,823,Quarterly,2024-02-08,2025-02-07,Overdue
824,824,Premium,2024-09-23,2025-09-23,Overdue
825,825,Quarterly,2024-11-10,2025-11-10,Pending
826,826,Quarterly,2024-05-24,2025-05-24,Pending
827,827,Premium,2024-10-21,2025-10-21,Overdue
828,828,Premium,2024-06-02,2025-06-02,Pending
829,829,Monthly,2024-07-11,2024-10-09,Overdue
830,830,Annual,2024-03-01,2024-05-30,Pending
831,831,Quarterly,2024-02-05,2025-02-04,Paid
832,832,Quarterly,2024-01-12,2024-04-11,Paid
833,833,Quarterly,2024-05-25,2025-05-25,Overdue
834,834,Monthly,2024-05-07,2024-06-06,Paid
835,835,Premium,2024-08-17,2025-08-17,Overdue
836,836,Monthly,2024-05-04,2024-06-03,Overdue
837,837,Premium,2024-10-14,2024-11-13,Paid
838,838,Annual,2024-06-23,2025-06-23,Overdue
839,839,Monthly,2024-10-11,2024-11-10,Overdue
840,840,Monthly,2024-10-03,2024-11-02,Overdue
841,841,Monthly,2024-07-11,2024-08-10,Paid
842,842,Annual,2024-04-14,2024-07-13,Paid
843,843,Premium,2024-03-11,2025-03-11,Paid
844,844,Monthly,2024-09-28,2025-09-28,Overdue
845,845,Monthly,2024-05-21,2025-05-21,Overdue
846,846,Annual,2024-07-24,2025-07-24,Overdue
847,847,Annual,2024-03-17,2025-03-17,Overdue
848,848,Annual,2024-07-15,2024-10-13,Paid
849,849,Quarterly,2024-05-06,2024-06-05,Pending
850,850,Annual,2024-09-24,2025-09-24,Paid
851,851,Quarterly,2024-05-09,2024-08-07,Pending
852,852,Quarterly,2024-12-28,2025-03-28,Overdue
853,853,Premium,2024-09-21,2025-09-21,Pending
854,854,Quarterly,2024-01-02,2024-02-01,Pending
855,855,Premium,2024-12-06,2025-03-06,Paid
856,856,Premium,2024-04-22,2024-07-21,Paid
857,857,Monthly,2024-09-25,2025-09-25,Paid
858,858,Annual,2024-09-04,2024-12-03,Pending
859,859,Monthly,2024-06-02,2024-08-31,Pending
860,860,Monthly,2024-04-12,2024-05-12,Pending
861,861,Premium,2024-11-07,2024-12-07,Paid
862,862,Annual,2024-01-08,2024-02-07,Overdue
863,863,Quarterly,2024-03-12,2024-06-10,Overdue
864,864,Premium,2024-03-06,2024-04-05,Paid
865,865,Quarterly,2024-07-06,2024-08-05,Pending
866,866,Monthly,2024-02-22,2024-03-23,Overdue
867,867,Monthly,2024-01-13,2024-02-12,Overdue
868,868,Monthly,2024-12-26,2025-03-26,Overdue
869,869,Premium,2024-02-12,2025-02-11,Overdue
870,870,Annual,2024-06-15,2024-07-15,Pending
871,871,Quarterly,2024-09-09,2025-09-09,Pending
872,872,Monthly,2024-05-19,2025-05-19,Pending
873,873,Quarterly,2024-11-28,2025-02-26,Overdue
874,874,Quarterly,2024-05-10,2024-08-08,Paid
875,875,Annual,2024-11-09,2024-12-09,Pending
876,876,Annual,2024-12-15,2025-12-15,Paid
877,877,Premium,2024-11-20,2024-12-20,Overdue
878,878,Premium,2024-10-18,2024-11-17,Paid
879,879,Annual,2024-10-07,2025-10-07,Paid
880,880,Quarterly,2024-01-09,2024-02-08,Pending
881,881,Monthly,2024-05-12,2024-06-11,Overdue
882,882,Annual,2024-09-04,2024-10-04,Pending
883,883,Monthly,2024-05-22,2024-08-20,Paid
884,884,Annual,2024-11-07,2024-12-07,Paid
885,885,Premium,2024-03-24,2024-04-23,Pending
886,886,Annual,2024-12-22,2025-01-21,Overdue
887,887,Premium,2024-02-19,2024-05-19,Overdue
888,888,Annual,2024-08-23,2024-09-22,Paid
889,889,Annual,2024-09-20,2025-09-20,Paid
890,890,Premium,2024-06-09,2025-06-09,Pending
891,891,Monthly,2024-08-07,2024-09-06,Paid
892,892,Quarterly,2024-10-26,2025-01-24,Pending
893,893,Premium,2024-02-12,2024-03-13,Paid
894,894,Quarterly,2024-10-17,2024-11-16,Paid
895,895,Monthly,2024-05-21,2024-06-20,Paid
896,896,Monthly,2024-12-18,2025-01-17,Overdue
897,897,Monthly,2024-01-03,2025-01-02,Pending
898,898,Annual,2024-03-28,2024-06-26,Paid
899,899,Quarterly,2024-08-12,2024-09-11,Pending
900,900,Annual,2024-07-03,2024-10-01,Pending
901,901,Monthly,2024-06-22,2024-09-20,Overdue
902,902,Monthly,2024-01-10,2024-02-09,Paid
903,903,Monthly,2024-06-14,2025-06-14,Paid
904,904,Monthly,2024-05-26,2024-06-25,Paid
905,905,Monthly,2024-11-26,2024-12-26,Overdue
906,906,Premium,2024-08-26,2024-09-25,Overdue
907,907,Premium,2024-03-02,2024-05-31,Overdue
908,908,Quarterly,2024-08-01,2025-08-01,Overdue
909,909,Quarterly,2024-08-13,2025-08-13,Pending
910,910,Annual,2024-10-11,2025-10-11,Paid
911,911,Premium,2024-11-15,2025-11-15,Paid
912,912,Premium,2024-11-17,2024-12-17,Paid
913,913,Monthly,2024-09-15,2024-10-15,Pending
914,914,Monthly,2024-02-28,2024-05-28,Pending
915,915,Quarterly,2024-04-02,2024-07-01,Pending
916,916,Premium,2024-12-06,2025-12-06,Overdue
917,917,Premium,2024-03-04,2024-06-02,Overdue
918,918,Quarterly,2024-01-06,2024-02-05,Paid
919,919,Annual,2024-10-19,2024-11-18,Paid
920,920,Quarterly,2024-10-19,2025-01-17,Overdue
921,921,Annual,2024-01-10,2025-01-09,Overdue
922,922,Quarterly,2024-05-23,2025-05-23,Overdue
923,923,Annual,2024-09-20,2024-12-19,Pending
924,924,Quarterly,2024-06-18,2024-09-16,Overdue
925,925,Quarterly,2024-01-24,2024-04-23,Overdue
926,926,Quarterly,2024-03-09,2024-06-07,Paid
927,927,Monthly,2024-01-08,2024-02-07,Overdue
928,928,Quarterly,2024-01-23,2025-01-22,Paid
929,929,Annual,2024-03-14,2025-03-14,Overdue
930,930,Premium,2024-07-13,2024-08-12,Overdue
931,931,Annual,2024-05-05,2024-06-04,Paid
932,932,Premium,2024-06-15,2024-07-15,Overdue
933,933,Annual,2024-08-21,2025-08-21,Overdue
934,934,Annual,2024-07-23,2024-08-22,Pending
935,935,Annual,2024-03-01,2024-03-31,Paid
936,936,Annual,2024-06-24,2024-07-24,Overdue
937,937,Monthly,2024-05-06,2025-05-06,Paid
938,938,Premium,2024-12-25,2025-12-25,Pending
939,939,Premium,2024-06-28,2025-06-28,Pending
940,940,Monthly,2024-09-11,2024-12-10,Pending
941,941,Monthly,2024-02-06,2024-03-07,Paid
942,942,Premium,2024-02-13,2025-02-12,Pending
943,943,Annual,2024-06-25,2024-09-23,Pending
944,944,Quarterly,2024-02-07,2024-05-07,Pending
945,945,Annual,2024-02-04,2024-03-05,Overdue
946,946,Quarterly,2024-04-22,2024-07-21,Pending
947,947,Quarterly,2024-09-03,2025-09-03,Overdue
948,948,Annual,2024-07-27,2024-08-26,Pending
949,949,Monthly,2024-12-19,2025-12-19,Pending
950,950,Premium,2024-07-24,2024-08-23,Pending
951,951,Monthly,2024-03-11,2025-03-11,Overdue
952,952,Premium,2024-10-12,2025-01-10,Paid
953,953,Quarterly,2024-03-19,2025-03-19,Overdue
954,954,Quarterly,2024-03-22,2025-03-22,Pending
955,955,Quarterly,2024-10-04,2024-11-03,Paid
956,956,Quarterly,2024-05-19,2025-05-19,Overdue
957,957,Premium,2024-06-28,2024-09-26,Overdue
958,958,Monthly,2024-08-06,2025-08-06,Paid
959,959,Monthly,2024-08-21,2024-11-19,Pending
960,960,Annual,2024-06-18,2024-09-16,Overdue
961,961,Quarterly,2024-05-02,2024-06-01,Pending
962,962,Premium,2024-07-15,2024-08-14,Paid
963,963,Annual,2024-10-14,2024-11-13,Paid
964,964,Quarterly,2024-02-01,2025-01-31,Pending
965,965,Quarterly,2024-09-25,2024-12-24,Pending
966,966,Annual,2024-07-08,2025-07-08,Paid
967,967,Monthly,2024-10-28,2025-01-26,Paid
968,968,Monthly,2024-11-01,2025-01-30,Overdue
969,969,Monthly,2024-01-24,2024-02-23,Pending
970,970,Monthly,2024-05-18,2025-05-18,Pending
971,971,Monthly,2024-09-25,2025-09-25,Overdue
972,972,Quarterly,2024-11-09,2024-12-09,Overdue
973,973,Quarterly,2024-11-19,2024-12-19,Overdue
974,974,Quarterly,2024-07-11,2025-07-11,Pending
975,975,Premium,2024-04-05,2025-04-05,Pending
976,976,Annual,2024-10-16,2025-01-14,Pending
977,977,Premium,2024-02-27,2024-05-27,Pending
978,978,Annual,2024-09-16,2024-10-16,Overdue
979,979,Annual,2024-03-08,2025-03-08,Overdue
980,980,Premium,2024-06-20,2025-06-20,Overdue
981,981,Quarterly,2024-10-01,2024-10-31,Pending
982,982,Monthly,2024-10-01,2024-12-30,Paid
983,983,Monthly,2024-10-18,2024-11-17,Paid
984,984,Monthly,2024-05-15,2024-08-13,Pending
985,985,Premium,2024-12-08,2025-03-08,Overdue
986,986,Premium,2024-10-17,2025-10-17,Overdue
987,987,Annual,2024-04-08,2024-07-07,Paid
988,988,Monthly,2024-11-16,2025-02-14,Paid
989,989,Monthly,2024-01-27,2024-02-26,Overdue
990,990,Annual,2024-06-06,2025-06-06,Paid
991,991,Premium,2024-03-07,2025-03-07,Pending
992,992,Quarterly,2024-02-17,2024-05-17,Paid
993,993,Annual,2024-07-09,2024-08-08,Pending
994,994,Monthly,2024-07-04,2025-07-04,Overdue
995,995,Quarterly,2024-11-14,2025-02-12,Pending
996,996,Quarterly,2024-06-24,2024-07-24,Paid
997,997,Monthly,2024-07-08,2024-10-06,Paid
998,998,Premium,2024-02-12,2024-05-12,Pending
999,999,Quarterly,2024-02-22,2024-05-22,Overdue
1000,1000,Premium,2024-08-08,2024-09-07,Overdue
