Payment ID,Member ID,Amount Paid,Currency,Payment Method,Payment Date
1,1,357.62,USD,Online,2024-12-03
2,2,191.95,INR,Card,2024-09-04
3,3,283.78,EUR,Card,2024-11-13
4,4,50.5,INR,Card,2024-04-13
5,5,243.41,CAD,Online,2024-03-19
6,6,350.11,USD,Online,2024-02-01
7,7,437.81,CAD,Cash,2024-07-26
8,8,110.74,GBP,Card,2024-01-07
9,9,192.46,CAD,Cash,2024-06-13
10,10,455.11,GBP,Card,2024-02-14
11,11,197.22,CAD,Cash,2024-10-07
12,12,306.61,EUR,Cash,2024-10-09
13,13,247.42,INR,Online,2024-07-03
14,14,262.28,INR,Cash,2024-10-02
15,15,142.0,EUR,Card,2024-10-13
16,16,156.03,USD,Card,2024-03-06
17,17,99.56,CAD,Online,2024-11-18
18,18,339.13,USD,Card,2024-09-26
19,19,289.04,USD,Card,2024-01-18
20,20,335.01,AUD,Online,2024-12-17
21,21,39.95,GBP,Card,2024-03-15
22,22,265.95,GBP,Online,2024-08-20
23,23,53.99,GBP,Cash,2024-03-17
24,24,467.07,GBP,Online,2024-01-16
25,25,134.89,EUR,Online,2024-06-21
26,26,234.31,AUD,Cash,2024-02-19
27,27,314.65,EUR,Card,2024-01-11
28,28,279.05,INR,Card,2024-05-02
29,29,86.94,INR,Card,2024-12-18
30,30,176.87,CAD,Cash,2024-06-24
31,31,480.67,GBP,Card,2024-09-24
32,32,110.29,EUR,Card,2024-10-02
33,33,472.3,GBP,Online,2024-08-25
34,34,278.46,USD,Cash,2024-10-18
35,35,89.49,INR,Card,2024-06-19
36,36,417.03,GBP,Online,2024-05-13
37,37,352.47,EUR,Cash,2024-01-04
38,38,20.48,INR,Online,2024-10-13
39,39,141.41,INR,Cash,2024-05-20
40,40,297.14,INR,Cash,2024-02-02
41,41,124.44,CAD,Card,2024-03-06
42,42,419.44,INR,Cash,2024-03-16
43,43,276.76,CAD,Card,2024-03-02
44,44,385.2,INR,Cash,2024-11-24
45,45,362.87,USD,Online,2024-10-25
46,46,327.73,GBP,Online,2024-06-16
47,47,178.37,AUD,Cash,2024-02-15
48,48,343.25,CAD,Card,2024-12-04
49,49,211.79,INR,Card,2024-03-15
50,50,158.66,AUD,Cash,2024-08-03
51,51,104.98,USD,Card,2024-01-16
52,52,102.81,CAD,Card,2024-11-01
53,53,303.33,AUD,Cash,2024-05-05
54,54,29.08,INR,Online,2024-09-11
55,55,328.32,USD,Card,2024-07-24
56,56,261.57,USD,Cash,2024-08-28
57,57,142.71,INR,Cash,2024-07-17
58,58,252.49,CAD,Cash,2024-04-02
59,59,159.27,CAD,Cash,2024-06-06
60,60,463.59,AUD,Card,2024-05-05
61,61,61.47,CAD,Card,2024-02-13
62,62,95.45,AUD,Cash,2024-01-05
63,63,216.79,CAD,Cash,2024-12-21
64,64,437.73,INR,Card,2024-05-17
65,65,87.36,EUR,Online,2024-07-07
66,66,409.11,USD,Online,2024-04-03
67,67,216.09,USD,Cash,2024-02-07
68,68,130.69,USD,Card,2024-08-12
69,69,436.09,INR,Online,2024-09-27
70,70,464.29,AUD,Card,2024-09-21
71,71,416.23,GBP,Online,2024-05-23
72,72,376.52,CAD,Online,2024-05-17
73,73,163.12,CAD,Online,2024-07-06
74,74,365.25,INR,Online,2024-01-09
75,75,469.82,CAD,Cash,2024-04-13
76,76,460.99,AUD,Card,2024-07-01
77,77,100.7,GBP,Cash,2024-05-20
78,78,435.72,USD,Cash,2024-09-10
79,79,102.47,EUR,Card,2024-02-17
80,80,52.49,EUR,Card,2024-12-02
81,81,384.58,INR,Card,2024-02-20
82,82,305.86,EUR,Online,2024-12-17
83,83,146.99,EUR,Cash,2024-03-20
84,84,421.01,CAD,Cash,2024-12-26
85,85,470.72,USD,Online,2024-07-28
86,86,143.18,INR,Online,2024-08-27
87,87,287.31,AUD,Card,2024-07-16
88,88,119.53,EUR,Cash,2024-11-14
89,89,359.11,AUD,Cash,2024-06-01
90,90,393.36,CAD,Online,2024-11-17
91,91,62.52,INR,Card,2024-02-23
92,92,69.55,GBP,Online,2024-06-23
93,93,400.96,GBP,Card,2024-10-25
94,94,393.13,EUR,Card,2024-09-15
95,95,218.78,USD,Online,2024-11-24
96,96,317.63,EUR,Card,2024-11-23
97,97,447.4,GBP,Cash,2024-03-05
98,98,364.06,CAD,Online,2024-08-17
99,99,305.3,CAD,Cash,2024-03-01
100,100,382.37,CAD,Online,2024-12-18
101,101,21.63,CAD,Online,2024-06-28
102,102,200.01,EUR,Online,2024-04-13
103,103,278.1,GBP,Cash,2024-10-27
104,104,75.88,CAD,Cash,2024-01-11
105,105,65.55,EUR,Cash,2024-05-20
106,106,318.9,USD,Card,2024-05-04
107,107,419.45,INR,Card,2024-02-08
108,108,400.6,INR,Card,2024-01-10
109,109,59.87,INR,Online,2024-02-02
110,110,63.93,INR,Cash,2024-12-06
111,111,86.82,CAD,Online,2024-07-15
112,112,415.35,EUR,Card,2024-09-24
113,113,179.38,GBP,Online,2024-10-04
114,114,357.84,INR,Online,2024-01-09
115,115,42.85,USD,Card,2024-06-24
116,116,119.67,INR,Cash,2024-11-14
117,117,73.8,USD,Online,2024-08-23
118,118,206.79,AUD,Online,2024-07-15
119,119,27.18,INR,Card,2024-12-12
120,120,227.89,INR,Cash,2024-07-18
121,121,461.75,EUR,Online,2024-01-17
122,122,162.22,AUD,Card,2024-03-08
123,123,89.43,AUD,Card,2024-05-16
124,124,193.41,INR,Online,2024-09-13
125,125,456.17,AUD,Card,2024-07-21
126,126,325.78,CAD,Online,2024-11-11
127,127,22.07,USD,Online,2024-11-01
128,128,216.4,GBP,Card,2024-07-02
129,129,405.65,USD,Online,2024-06-05
130,130,185.54,AUD,Card,2024-03-01
131,131,467.51,INR,Card,2024-08-26
132,132,123.66,USD,Card,2024-07-19
133,133,412.45,AUD,Cash,2024-08-14
134,134,337.04,AUD,Online,2024-10-26
135,135,240.03,EUR,Cash,2024-11-28
136,136,193.22,EUR,Cash,2024-12-24
137,137,360.67,AUD,Cash,2024-06-09
138,138,177.36,EUR,Cash,2024-11-22
139,139,383.36,EUR,Card,2024-12-05
140,140,42.79,AUD,Cash,2024-02-03
141,141,373.45,AUD,Online,2024-12-23
142,142,468.05,USD,Cash,2024-04-21
143,143,490.8,EUR,Online,2024-11-11
144,144,418.33,CAD,Card,2024-07-05
145,145,446.65,GBP,Cash,2024-07-07
146,146,385.94,AUD,Cash,2024-05-26
147,147,136.8,EUR,Online,2024-04-15
148,148,306.26,EUR,Online,2024-11-16
149,149,204.71,INR,Card,2024-08-20
150,150,491.71,GBP,Card,2024-09-19
151,151,224.46,AUD,Cash,2024-05-03
152,152,137.25,EUR,Online,2024-05-04
153,153,162.44,INR,Online,2024-05-07
154,154,473.95,AUD,Online,2024-05-11
155,155,193.22,INR,Online,2024-12-13
156,156,134.28,AUD,Cash,2024-07-19
157,157,283.01,EUR,Online,2024-07-14
158,158,314.14,GBP,Online,2024-07-21
159,159,471.31,CAD,Online,2024-08-03
160,160,106.56,CAD,Online,2024-08-14
161,161,357.53,AUD,Online,2024-08-14
162,162,196.12,AUD,Online,2024-09-13
163,163,479.0,EUR,Cash,2024-07-26
164,164,238.28,USD,Online,2024-04-03
165,165,200.21,CAD,Cash,2024-02-16
166,166,70.91,GBP,Cash,2024-02-16
167,167,175.34,CAD,Cash,2024-02-27
168,168,294.97,EUR,Cash,2024-07-22
169,169,480.53,GBP,Card,2024-05-09
170,170,435.36,INR,Card,2024-05-23
171,171,101.71,EUR,Online,2024-10-05
172,172,440.74,INR,Cash,2024-12-21
173,173,289.49,CAD,Online,2024-12-09
174,174,290.74,GBP,Cash,2024-05-11
175,175,130.66,GBP,Cash,2024-05-02
176,176,302.25,AUD,Online,2024-01-18
177,177,470.99,AUD,Online,2024-06-05
178,178,353.81,CAD,Online,2024-02-01
179,179,220.24,GBP,Online,2024-06-19
180,180,246.94,GBP,Online,2024-08-02
181,181,367.65,GBP,Card,2024-09-28
182,182,368.87,CAD,Online,2024-05-10
183,183,346.08,EUR,Cash,2024-12-02
184,184,320.53,CAD,Cash,2024-10-22
185,185,204.31,CAD,Online,2024-02-07
186,186,137.0,EUR,Card,2024-09-21
187,187,103.8,INR,Online,2024-05-05
188,188,88.19,INR,Online,2024-04-14
189,189,280.45,AUD,Cash,2024-11-08
190,190,483.37,USD,Cash,2024-11-17
191,191,297.41,AUD,Cash,2024-12-23
192,192,231.25,USD,Cash,2024-03-21
193,193,446.73,CAD,Cash,2024-05-12
194,194,85.73,EUR,Cash,2024-09-12
195,195,419.16,INR,Cash,2024-05-27
196,196,321.85,GBP,Cash,2024-11-01
197,197,331.81,USD,Card,2024-05-28
198,198,326.53,CAD,Cash,2024-05-06
199,199,96.03,USD,Card,2024-09-06
200,200,470.96,AUD,Online,2024-04-10
201,201,230.75,EUR,Online,2024-09-22
202,202,49.76,USD,Online,2024-02-02
203,203,260.35,USD,Online,2024-01-01
204,204,169.5,AUD,Online,2024-07-24
205,205,489.58,AUD,Online,2024-07-17
206,206,393.63,USD,Card,2024-09-07
207,207,93.17,EUR,Cash,2024-12-14
208,208,81.21,INR,Card,2024-05-27
209,209,106.15,EUR,Online,2024-05-02
210,210,394.5,INR,Card,2024-10-24
211,211,105.16,GBP,Card,2024-06-20
212,212,85.37,AUD,Card,2024-05-05
213,213,104.23,CAD,Cash,2024-12-07
214,214,350.64,CAD,Online,2024-04-13
215,215,474.1,AUD,Online,2024-10-04
216,216,202.33,EUR,Online,2024-10-16
217,217,453.13,AUD,Card,2024-12-10
218,218,142.83,CAD,Cash,2024-02-16
219,219,131.41,GBP,Cash,2024-10-28
220,220,459.28,GBP,Cash,2024-08-20
221,221,488.69,INR,Card,2024-09-14
222,222,99.42,GBP,Card,2024-01-21
223,223,153.01,GBP,Online,2024-01-17
224,224,436.77,CAD,Cash,2024-09-21
225,225,423.95,USD,Online,2024-01-28
226,226,65.73,AUD,Card,2024-07-02
227,227,470.15,AUD,Cash,2024-05-27
228,228,426.26,CAD,Online,2024-05-09
229,229,432.11,EUR,Card,2024-01-04
230,230,290.48,AUD,Card,2024-07-20
231,231,489.97,AUD,Card,2024-05-19
232,232,65.77,INR,Cash,2024-06-16
233,233,322.0,AUD,Cash,2024-12-09
234,234,92.01,CAD,Online,2024-03-04
235,235,217.63,EUR,Cash,2024-10-06
236,236,50.34,INR,Cash,2024-07-19
237,237,313.89,INR,Cash,2024-09-04
238,238,300.96,AUD,Card,2024-01-14
239,239,253.52,INR,Online,2024-05-08
240,240,191.12,AUD,Card,2024-05-05
241,241,134.79,CAD,Online,2024-05-16
242,242,209.19,AUD,Card,2024-08-09
243,243,327.18,EUR,Cash,2024-09-17
244,244,491.96,AUD,Online,2024-11-14
245,245,146.38,EUR,Online,2024-04-19
246,246,465.04,GBP,Cash,2024-09-16
247,247,387.61,EUR,Cash,2024-03-08
248,248,214.11,CAD,Online,2024-01-26
249,249,23.37,GBP,Cash,2024-01-01
250,250,416.59,USD,Online,2024-12-16
251,251,173.22,GBP,Online,2024-08-02
252,252,166.02,GBP,Card,2024-11-04
253,253,149.49,AUD,Card,2024-04-12
254,254,364.46,EUR,Online,2024-06-19
255,255,196.59,EUR,Cash,2024-09-12
256,256,482.98,USD,Card,2024-02-28
257,257,215.74,CAD,Card,2024-05-25
258,258,386.93,USD,Cash,2024-08-17
259,259,61.5,USD,Cash,2024-01-17
260,260,384.75,INR,Cash,2024-01-23
261,261,406.92,AUD,Online,2024-01-02
262,262,282.09,USD,Card,2024-09-08
263,263,496.45,EUR,Card,2024-06-02
264,264,339.91,EUR,Card,2024-04-01
265,265,84.98,CAD,Cash,2024-12-17
266,266,319.51,INR,Online,2024-12-27
267,267,205.93,EUR,Cash,2024-03-01
268,268,225.79,INR,Cash,2024-05-09
269,269,443.91,USD,Card,2024-05-14
270,270,136.75,GBP,Card,2024-01-25
271,271,280.53,CAD,Card,2024-10-27
272,272,144.79,EUR,Card,2024-11-07
273,273,440.25,GBP,Online,2024-11-15
274,274,40.05,CAD,Card,2024-10-16
275,275,227.57,INR,Online,2024-10-16
276,276,23.95,AUD,Cash,2024-08-13
277,277,386.42,USD,Cash,2024-07-22
278,278,78.39,AUD,Online,2024-12-20
279,279,186.83,CAD,Cash,2024-10-17
280,280,184.63,INR,Online,2024-09-15
281,281,356.63,EUR,Card,2024-05-20
282,282,415.69,CAD,Online,2024-06-22
283,283,354.34,EUR,Card,2024-03-08
284,284,456.61,CAD,Online,2024-12-11
285,285,480.43,USD,Online,2024-05-12
286,286,137.77,EUR,Online,2024-03-24
287,287,97.77,AUD,Online,2024-01-25
288,288,98.58,AUD,Cash,2024-11-25
289,289,240.26,EUR,Online,2024-09-02
290,290,150.84,INR,Online,2024-08-10
291,291,45.32,INR,Card,2024-08-21
292,292,344.65,GBP,Card,2024-04-05
293,293,203.25,CAD,Card,2024-06-08
294,294,50.35,EUR,Card,2024-09-22
295,295,155.74,CAD,Card,2024-10-13
296,296,368.57,USD,Online,2024-12-15
297,297,200.21,CAD,Cash,2024-04-06
298,298,105.4,GBP,Cash,2024-08-22
299,299,65.2,AUD,Online,2024-12-02
300,300,123.97,AUD,Card,2024-05-21
301,301,98.42,CAD,Card,2024-05-01
302,302,465.35,GBP,Online,2024-07-08
303,303,244.85,GBP,Card,2024-10-26
304,304,223.35,USD,Card,2024-09-28
305,305,200.2,GBP,Online,2024-09-21
306,306,389.58,AUD,Cash,2024-08-15
307,307,192.23,AUD,Cash,2024-03-01
308,308,284.12,EUR,Online,2024-12-28
309,309,418.35,USD,Online,2024-02-18
310,310,159.84,USD,Cash,2024-02-15
311,311,479.37,CAD,Online,2024-11-24
312,312,23.35,EUR,Online,2024-10-25
313,313,212.59,CAD,Card,2024-04-12
314,314,340.7,AUD,Online,2024-03-02
315,315,405.25,CAD,Card,2024-11-23
316,316,449.44,AUD,Card,2024-06-22
317,317,164.4,USD,Cash,2024-09-17
318,318,161.48,GBP,Cash,2024-03-26
319,319,68.47,USD,Cash,2024-09-16
320,320,161.32,CAD,Online,2024-05-21
321,321,83.04,INR,Online,2024-10-12
322,322,447.08,CAD,Card,2024-08-21
323,323,154.01,GBP,Cash,2024-05-15
324,324,288.22,EUR,Cash,2024-01-22
325,325,419.98,CAD,Card,2024-10-22
326,326,77.76,CAD,Online,2024-02-20
327,327,396.88,USD,Cash,2024-01-02
328,328,378.16,INR,Online,2024-04-20
329,329,204.67,GBP,Card,2024-09-05
330,330,261.32,AUD,Cash,2024-02-01
331,331,45.0,CAD,Online,2024-10-20
332,332,110.15,INR,Card,2024-05-13
333,333,340.85,USD,Cash,2024-11-08
334,334,459.69,GBP,Card,2024-12-01
335,335,251.22,AUD,Cash,2024-11-06
336,336,461.35,INR,Card,2024-01-02
337,337,229.5,AUD,Online,2024-06-01
338,338,440.63,GBP,Cash,2024-04-25
339,339,64.49,GBP,Online,2024-06-12
340,340,122.7,GBP,Card,2024-01-04
341,341,180.46,EUR,Cash,2024-11-28
342,342,272.06,AUD,Online,2024-10-26
343,343,321.78,USD,Card,2024-10-07
344,344,103.05,USD,Cash,2024-12-18
345,345,105.17,AUD,Online,2024-03-21
346,346,158.89,EUR,Card,2024-12-12
347,347,36.04,CAD,Cash,2024-09-20
348,348,432.08,AUD,Cash,2024-02-06
349,349,349.95,INR,Cash,2024-06-01
350,350,458.3,USD,Online,2024-10-21
351,351,498.45,INR,Cash,2024-03-27
352,352,134.67,EUR,Cash,2024-09-03
353,353,154.31,AUD,Cash,2024-12-28
354,354,50.49,USD,Online,2024-01-15
355,355,118.7,AUD,Card,2024-01-02
356,356,408.67,USD,Online,2024-07-26
357,357,373.83,CAD,Cash,2024-12-23
358,358,403.37,USD,Card,2024-08-18
359,359,328.05,AUD,Online,2024-09-21
360,360,196.25,AUD,Card,2024-04-08
361,361,423.29,CAD,Card,2024-04-05
362,362,485.39,AUD,Cash,2024-07-18
363,363,460.8,INR,Card,2024-06-25
364,364,457.53,INR,Card,2024-08-25
365,365,461.29,INR,Card,2024-11-14
366,366,161.32,GBP,Card,2024-01-18
367,367,452.45,GBP,Cash,2024-01-06
368,368,126.25,GBP,Cash,2024-06-17
369,369,283.67,GBP,Online,2024-05-24
370,370,354.15,AUD,Online,2024-04-20
371,371,155.31,USD,Online,2024-07-26
372,372,127.47,USD,Card,2024-04-02
373,373,93.45,USD,Card,2024-11-17
374,374,441.92,GBP,Card,2024-03-12
375,375,348.17,CAD,Online,2024-07-04
376,376,290.01,CAD,Online,2024-10-07
377,377,455.45,USD,Card,2024-07-28
378,378,74.45,USD,Cash,2024-06-09
379,379,281.41,USD,Cash,2024-07-18
380,380,319.59,INR,Card,2024-11-10
381,381,457.48,AUD,Card,2024-10-17
382,382,151.97,AUD,Online,2024-01-10
383,383,125.64,CAD,Online,2024-06-17
384,384,78.94,INR,Online,2024-05-26
385,385,43.11,EUR,Card,2024-08-18
386,386,57.39,INR,Card,2024-07-21
387,387,427.37,AUD,Card,2024-11-16
388,388,428.42,EUR,Cash,2024-09-06
389,389,435.24,EUR,Card,2024-11-10
390,390,208.2,INR,Online,2024-03-22
391,391,318.28,INR,Cash,2024-09-06
392,392,108.7,EUR,Online,2024-06-27
393,393,311.05,CAD,Cash,2024-04-19
394,394,450.16,USD,Cash,2024-11-04
395,395,316.86,INR,Online,2024-09-20
396,396,373.27,AUD,Cash,2024-06-03
397,397,399.95,AUD,Online,2024-12-06
398,398,358.57,EUR,Card,2024-10-02
399,399,43.16,GBP,Online,2024-10-01
400,400,397.32,GBP,Online,2024-08-17
401,401,244.12,GBP,Cash,2024-06-14
402,402,52.1,CAD,Cash,2024-10-08
403,403,31.74,CAD,Online,2024-02-14
404,404,37.27,EUR,Online,2024-12-14
405,405,288.34,EUR,Cash,2024-07-02
406,406,487.42,EUR,Card,2024-06-26
407,407,368.44,USD,Online,2024-04-07
408,408,325.42,USD,Card,2024-10-20
409,409,118.92,INR,Cash,2024-04-07
410,410,422.53,GBP,Card,2024-05-01
411,411,460.25,CAD,Card,2024-04-15
412,412,394.2,GBP,Cash,2024-09-01
413,413,452.24,EUR,Online,2024-06-05
414,414,145.97,EUR,Card,2024-06-11
415,415,142.49,INR,Cash,2024-03-13
416,416,367.25,GBP,Online,2024-08-10
417,417,305.42,INR,Cash,2024-10-24
418,418,188.5,EUR,Cash,2024-05-15
419,419,110.77,CAD,Online,2024-06-06
420,420,157.02,EUR,Card,2024-11-03
421,421,357.41,EUR,Online,2024-08-08
422,422,144.29,INR,Online,2024-03-01
423,423,194.5,GBP,Cash,2024-07-11
424,424,353.57,USD,Cash,2024-05-16
425,425,319.19,USD,Card,2024-05-18
426,426,435.49,GBP,Online,2024-12-26
427,427,493.34,EUR,Online,2024-02-25
428,428,400.4,USD,Online,2024-07-14
429,429,191.81,CAD,Card,2024-01-06
430,430,387.36,EUR,Card,2024-09-24
431,431,322.21,AUD,Online,2024-07-17
432,432,390.98,INR,Online,2024-08-21
433,433,197.61,EUR,Cash,2024-06-26
434,434,467.81,AUD,Online,2024-09-28
435,435,109.18,INR,Online,2024-02-21
436,436,418.9,GBP,Card,2024-11-07
437,437,461.62,EUR,Card,2024-03-12
438,438,179.11,INR,Card,2024-10-22
439,439,402.18,GBP,Online,2024-06-22
440,440,79.11,INR,Card,2024-02-28
441,441,99.63,AUD,Cash,2024-06-02
442,442,287.32,INR,Online,2024-01-02
443,443,183.26,GBP,Card,2024-02-21
444,444,284.92,INR,Cash,2024-10-17
445,445,284.33,INR,Card,2024-01-21
446,446,403.62,EUR,Cash,2024-08-10
447,447,82.69,USD,Online,2024-04-24
448,448,67.62,EUR,Cash,2024-08-16
449,449,198.4,INR,Cash,2024-04-23
450,450,341.68,GBP,Cash,2024-12-23
451,451,167.27,INR,Cash,2024-04-27
452,452,472.34,USD,Cash,2024-10-08
453,453,339.44,INR,Online,2024-12-22
454,454,397.19,INR,Cash,2024-10-06
455,455,486.53,INR,Online,2024-02-10
456,456,359.7,GBP,Card,2024-03-21
457,457,433.64,GBP,Cash,2024-04-15
458,458,180.13,GBP,Card,2024-01-19
459,459,264.48,CAD,Cash,2024-10-28
460,460,278.42,INR,Card,2024-05-14
461,461,489.78,EUR,Cash,2024-10-23
462,462,369.0,INR,Online,2024-11-02
463,463,467.84,CAD,Card,2024-11-18
464,464,254.75,CAD,Online,2024-03-02
465,465,239.71,AUD,Cash,2024-02-01
466,466,137.12,EUR,Cash,2024-10-27
467,467,71.44,AUD,Card,2024-03-26
468,468,367.73,USD,Online,2024-04-19
469,469,39.05,AUD,Cash,2024-09-05
470,470,488.31,GBP,Card,2024-08-19
471,471,154.79,AUD,Cash,2024-03-26
472,472,23.56,AUD,Card,2024-05-17
473,473,72.2,INR,Cash,2024-11-15
474,474,311.37,AUD,Cash,2024-10-02
475,475,228.27,EUR,Online,2024-01-05
476,476,254.86,GBP,Online,2024-10-24
477,477,350.8,GBP,Card,2024-12-01
478,478,409.46,INR,Cash,2024-09-11
479,479,301.02,AUD,Online,2024-01-10
480,480,109.43,CAD,Card,2024-04-03
481,481,80.56,GBP,Cash,2024-04-25
482,482,214.13,INR,Card,2024-05-02
483,483,68.85,INR,Cash,2024-01-26
484,484,299.76,AUD,Online,2024-10-24
485,485,154.98,EUR,Cash,2024-04-07
486,486,309.12,GBP,Online,2024-11-03
487,487,185.36,USD,Online,2024-02-17
488,488,402.72,AUD,Card,2024-02-04
489,489,21.65,USD,Cash,2024-10-07
490,490,308.57,CAD,Cash,2024-10-05
491,491,383.58,CAD,Online,2024-03-03
492,492,416.72,USD,Card,2024-07-04
493,493,404.05,CAD,Card,2024-01-20
494,494,119.27,INR,Online,2024-12-01
495,495,169.69,EUR,Card,2024-08-11
496,496,153.38,USD,Cash,2024-03-25
497,497,168.52,CAD,Cash,2024-09-16
498,498,449.71,USD,Card,2024-12-02
499,499,384.06,INR,Online,2024-04-03
500,500,66.1,CAD,Cash,2024-07-14
501,501,322.82,GBP,Card,2024-03-28
502,502,441.54,USD,Cash,2024-12-24
503,503,381.83,CAD,Cash,2024-06-25
504,504,247.42,AUD,Cash,2024-11-04
505,505,188.06,GBP,Card,2024-02-12
506,506,440.23,EUR,Card,2024-08-28
507,507,343.7,EUR,Card,2024-11-09
508,508,162.67,INR,Card,2024-10-13
509,509,133.75,USD,Online,2024-03-10
510,510,246.68,EUR,Card,2024-11-17
511,511,141.75,CAD,Online,2024-07-27
512,512,449.01,USD,Card,2024-07-15
513,513,216.58,EUR,Cash,2024-07-21
514,514,41.91,EUR,Cash,2024-03-13
515,515,267.75,AUD,Online,2024-11-04
516,516,405.44,USD,Online,2024-05-13
517,517,252.89,INR,Online,2024-07-02
518,518,373.42,AUD,Online,2024-08-24
519,519,424.95,INR,Online,2024-02-06
520,520,121.36,USD,Online,2024-11-05
521,521,224.58,INR,Online,2024-08-15
522,522,126.44,USD,Card,2024-09-19
523,523,122.55,INR,Cash,2024-06-09
524,524,344.57,USD,Online,2024-07-07
525,525,141.31,CAD,Card,2024-07-27
526,526,474.52,GBP,Card,2024-11-23
527,527,22.16,INR,Online,2024-06-23
528,528,196.86,GBP,Online,2024-07-06
529,529,475.64,CAD,Card,2024-09-13
530,530,371.39,EUR,Cash,2024-09-15
531,531,392.87,CAD,Online,2024-02-28
532,532,234.61,EUR,Card,2024-01-12
533,533,332.28,EUR,Card,2024-01-17
534,534,491.32,EUR,Cash,2024-04-09
535,535,493.4,USD,Cash,2024-08-07
536,536,290.6,INR,Card,2024-03-06
537,537,298.1,INR,Online,2024-10-02
538,538,379.95,EUR,Card,2024-06-04
539,539,497.04,INR,Online,2024-05-13
540,540,277.75,EUR,Card,2024-12-05
541,541,249.56,GBP,Online,2024-04-09
542,542,395.18,AUD,Online,2024-03-16
543,543,471.35,EUR,Card,2024-09-01
544,544,358.0,AUD,Online,2024-12-03
545,545,160.25,CAD,Cash,2024-03-23
546,546,371.29,GBP,Card,2024-09-24
547,547,235.31,INR,Card,2024-06-16
548,548,395.32,CAD,Card,2024-09-13
549,549,442.69,AUD,Cash,2024-01-07
550,550,201.94,AUD,Cash,2024-06-18
551,551,405.7,USD,Cash,2024-06-28
552,552,371.71,EUR,Online,2024-03-17
553,553,252.41,GBP,Cash,2024-09-28
554,554,44.51,USD,Cash,2024-09-22
555,555,41.25,USD,Online,2024-07-01
556,556,145.19,GBP,Card,2024-06-13
557,557,230.09,GBP,Cash,2024-06-23
558,558,182.12,GBP,Card,2024-06-06
559,559,479.97,INR,Online,2024-09-23
560,560,51.24,CAD,Card,2024-08-16
561,561,472.2,USD,Card,2024-06-26
562,562,445.15,AUD,Online,2024-07-17
563,563,63.92,CAD,Online,2024-05-03
564,564,374.71,CAD,Cash,2024-01-20
565,565,222.37,CAD,Card,2024-05-27
566,566,469.13,EUR,Card,2024-07-01
567,567,319.0,GBP,Online,2024-10-24
568,568,467.0,EUR,Card,2024-07-15
569,569,247.41,GBP,Cash,2024-03-10
570,570,207.44,USD,Cash,2024-07-06
571,571,241.1,USD,Card,2024-12-21
572,572,335.72,CAD,Cash,2024-10-27
573,573,442.82,EUR,Cash,2024-06-02
574,574,64.98,AUD,Online,2024-12-07
575,575,313.23,GBP,Cash,2024-12-19
576,576,422.91,GBP,Cash,2024-02-27
577,577,286.13,GBP,Card,2024-10-16
578,578,258.68,EUR,Online,2024-11-14
579,579,73.75,INR,Cash,2024-03-17
580,580,498.08,CAD,Online,2024-11-21
581,581,377.56,AUD,Cash,2024-07-06
582,582,195.37,AUD,Online,2024-09-28
583,583,232.95,AUD,Online,2024-05-07
584,584,49.94,EUR,Online,2024-10-20
585,585,384.23,USD,Cash,2024-10-08
586,586,264.15,GBP,Cash,2024-04-26
587,587,342.83,EUR,Online,2024-08-12
588,588,130.08,INR,Cash,2024-08-13
589,589,360.92,INR,Online,2024-11-22
590,590,117.53,AUD,Cash,2024-01-10
591,591,407.57,INR,Cash,2024-11-27
592,592,401.03,USD,Online,2024-01-27
593,593,476.23,GBP,Card,2024-03-14
594,594,119.12,CAD,Card,2024-05-08
595,595,38.86,EUR,Cash,2024-05-21
596,596,167.68,GBP,Card,2024-10-15
597,597,42.38,AUD,Online,2024-04-13
598,598,311.87,INR,Online,2024-09-26
599,599,337.43,USD,Cash,2024-04-03
600,600,355.96,GBP,Cash,2024-04-03
601,601,113.22,EUR,Online,2024-01-09
602,602,112.5,EUR,Online,2024-07-18
603,603,196.16,GBP,Card,2024-11-26
604,604,143.59,GBP,Online,2024-09-19
605,605,349.09,GBP,Cash,2024-07-24
606,606,67.13,INR,Online,2024-10-09
607,607,222.81,GBP,Online,2024-08-03
608,608,254.96,GBP,Cash,2024-07-11
609,609,461.41,AUD,Online,2024-11-15
610,610,31.19,AUD,Online,2024-08-16
611,611,322.63,AUD,Cash,2024-08-22
612,612,259.27,GBP,Online,2024-02-27
613,613,203.55,AUD,Cash,2024-03-01
614,614,44.16,CAD,Card,2024-12-17
615,615,383.02,INR,Online,2024-05-23
616,616,394.46,INR,Online,2024-05-02
617,617,204.62,INR,Cash,2024-07-28
618,618,244.7,AUD,Cash,2024-01-19
619,619,361.16,CAD,Cash,2024-12-25
620,620,71.22,USD,Card,2024-12-10
621,621,402.11,INR,Online,2024-02-02
622,622,481.92,AUD,Cash,2024-06-09
623,623,180.51,GBP,Online,2024-02-26
624,624,312.22,EUR,Card,2024-01-01
625,625,477.71,AUD,Card,2024-04-03
626,626,137.39,CAD,Cash,2024-01-12
627,627,174.04,EUR,Card,2024-06-26
628,628,416.48,INR,Cash,2024-02-18
629,629,376.4,INR,Cash,2024-02-09
630,630,367.79,AUD,Online,2024-12-22
631,631,333.11,AUD,Cash,2024-10-22
632,632,230.48,EUR,Online,2024-11-26
633,633,32.27,USD,Card,2024-11-18
634,634,384.55,EUR,Online,2024-01-25
635,635,104.32,CAD,Cash,2024-03-25
636,636,448.8,USD,Card,2024-10-12
637,637,167.31,EUR,Online,2024-03-17
638,638,374.24,GBP,Cash,2024-10-18
639,639,378.68,EUR,Cash,2024-12-22
640,640,20.93,AUD,Card,2024-05-09
641,641,280.0,USD,Card,2024-08-05
642,642,383.91,CAD,Online,2024-07-11
643,643,451.24,INR,Cash,2024-10-16
644,644,401.25,CAD,Cash,2024-11-08
645,645,379.98,GBP,Card,2024-12-19
646,646,58.53,CAD,Card,2024-05-05
647,647,342.28,INR,Cash,2024-03-26
648,648,343.17,INR,Cash,2024-04-15
649,649,73.98,USD,Online,2024-09-07
650,650,290.99,GBP,Online,2024-09-23
651,651,282.0,INR,Online,2024-06-04
652,652,297.18,INR,Card,2024-06-05
653,653,422.49,EUR,Cash,2024-06-25
654,654,155.02,GBP,Card,2024-12-03
655,655,301.96,EUR,Card,2024-03-09
656,656,417.56,INR,Cash,2024-02-07
657,657,25.64,CAD,Online,2024-09-18
658,658,110.6,GBP,Card,2024-07-15
659,659,180.75,GBP,Cash,2024-10-21
660,660,201.61,AUD,Card,2024-02-24
661,661,391.12,USD,Cash,2024-02-24
662,662,380.04,USD,Online,2024-11-15
663,663,180.29,EUR,Cash,2024-01-19
664,664,288.1,GBP,Card,2024-11-15
665,665,446.7,GBP,Card,2024-07-04
666,666,343.79,USD,Cash,2024-07-28
667,667,240.3,GBP,Cash,2024-01-06
668,668,331.43,USD,Card,2024-03-20
669,669,75.32,EUR,Cash,2024-03-02
670,670,215.32,USD,Online,2024-03-26
671,671,403.32,INR,Card,2024-07-15
672,672,133.71,AUD,Cash,2024-12-17
673,673,251.28,EUR,Cash,2024-02-01
674,674,264.43,CAD,Cash,2024-12-08
675,675,101.97,EUR,Card,2024-10-21
676,676,174.1,EUR,Online,2024-10-05
677,677,401.92,CAD,Card,2024-07-22
678,678,132.24,INR,Cash,2024-04-03
679,679,250.44,CAD,Online,2024-10-19
680,680,469.05,INR,Card,2024-11-26
681,681,443.32,EUR,Online,2024-08-07
682,682,279.45,INR,Cash,2024-02-06
683,683,240.72,GBP,Online,2024-02-02
684,684,353.77,USD,Cash,2024-07-04
685,685,320.18,EUR,Online,2024-05-04
686,686,108.9,EUR,Cash,2024-07-17
687,687,98.98,USD,Card,2024-10-16
688,688,485.35,CAD,Card,2024-07-22
689,689,36.02,USD,Online,2024-11-08
690,690,69.76,USD,Online,2024-12-11
691,691,253.27,INR,Card,2024-03-13
692,692,57.57,CAD,Cash,2024-10-22
693,693,59.32,EUR,Card,2024-02-15
694,694,134.44,EUR,Cash,2024-12-26
695,695,431.13,INR,Cash,2024-04-22
696,696,432.61,AUD,Card,2024-05-12
697,697,388.25,INR,Online,2024-06-19
698,698,423.07,CAD,Card,2024-11-19
699,699,325.8,USD,Online,2024-05-08
700,700,116.07,AUD,Card,2024-08-13
701,701,456.26,INR,Cash,2024-06-20
702,702,184.99,GBP,Cash,2024-01-18
703,703,122.63,USD,Online,2024-07-15
704,704,169.02,INR,Card,2024-02-02
705,705,308.25,INR,Online,2024-08-26
706,706,153.38,INR,Cash,2024-06-22
707,707,380.04,USD,Card,2024-05-07
708,708,192.32,EUR,Online,2024-04-13
709,709,417.98,USD,Card,2024-09-22
710,710,405.8,USD,Card,2024-07-05
711,711,69.36,CAD,Card,2024-03-18
712,712,185.91,GBP,Online,2024-12-24
713,713,316.4,CAD,Online,2024-01-15
714,714,462.22,AUD,Card,2024-07-20
715,715,225.74,INR,Online,2024-09-20
716,716,143.12,CAD,Cash,2024-03-08
717,717,401.17,AUD,Card,2024-03-12
718,718,204.42,AUD,Card,2024-06-12
719,719,172.98,USD,Online,2024-12-06
720,720,389.33,CAD,Online,2024-03-12
721,721,305.41,USD,Online,2024-12-01
722,722,494.49,GBP,Card,2024-07-27
723,723,124.64,EUR,Online,2024-09-24
724,724,303.39,EUR,Online,2024-07-25
725,725,90.68,USD,Cash,2024-07-24
726,726,336.3,GBP,Online,2024-12-11
727,727,235.87,INR,Card,2024-02-15
728,728,86.85,CAD,Online,2024-05-28
729,729,386.26,EUR,Online,2024-04-16
730,730,311.12,AUD,Cash,2024-11-26
731,731,472.31,INR,Card,2024-04-06
732,732,410.83,INR,Card,2024-02-05
733,733,56.07,AUD,Cash,2024-11-18
734,734,212.19,EUR,Online,2024-06-01
735,735,295.69,CAD,Card,2024-10-11
736,736,170.6,CAD,Cash,2024-09-28
737,737,221.21,USD,Card,2024-08-17
738,738,218.69,AUD,Card,2024-09-06
739,739,296.94,AUD,Cash,2024-04-25
740,740,425.13,EUR,Card,2024-01-19
741,741,83.09,EUR,Cash,2024-03-19
742,742,281.27,INR,Online,2024-08-25
743,743,99.52,INR,Online,2024-11-28
744,744,22.56,INR,Cash,2024-03-18
745,745,200.82,USD,Card,2024-05-11
746,746,341.3,GBP,Cash,2024-05-25
747,747,38.66,INR,Card,2024-03-07
748,748,483.81,AUD,Online,2024-09-21
749,749,201.72,AUD,Cash,2024-08-04
750,750,497.89,USD,Online,2024-06-01
751,751,214.04,AUD,Cash,2024-01-21
752,752,404.7,INR,Online,2024-07-23
753,753,125.43,INR,Online,2024-11-12
754,754,26.45,USD,Cash,2024-02-05
755,755,350.36,CAD,Online,2024-02-24
756,756,229.69,USD,Cash,2024-07-22
757,757,295.71,GBP,Cash,2024-09-21
758,758,431.95,INR,Card,2024-05-19
759,759,483.03,EUR,Card,2024-10-10
760,760,70.9,EUR,Cash,2024-10-19
761,761,325.42,INR,Card,2024-11-13
762,762,131.78,AUD,Cash,2024-06-17
763,763,484.52,CAD,Cash,2024-05-06
764,764,277.23,EUR,Online,2024-07-03
765,765,436.79,AUD,Cash,2024-01-27
766,766,239.96,GBP,Cash,2024-12-09
767,767,243.22,USD,Card,2024-11-04
768,768,159.88,GBP,Card,2024-07-09
769,769,402.45,GBP,Cash,2024-10-19
770,770,407.65,CAD,Card,2024-03-13
771,771,303.67,AUD,Online,2024-08-14
772,772,248.24,CAD,Card,2024-03-12
773,773,62.12,AUD,Cash,2024-12-07
774,774,258.31,AUD,Online,2024-03-14
775,775,136.17,EUR,Online,2024-05-25
776,776,329.67,AUD,Online,2024-03-16
777,777,180.72,CAD,Card,2024-04-06
778,778,82.19,AUD,Online,2024-12-22
779,779,231.77,AUD,Card,2024-01-19
780,780,437.35,USD,Cash,2024-04-25
781,781,196.4,INR,Card,2024-04-25
782,782,221.17,AUD,Card,2024-06-03
783,783,342.1,AUD,Online,2024-02-26
784,784,471.55,EUR,Online,2024-01-14
785,785,202.1,USD,Cash,2024-10-14
786,786,34.15,AUD,Cash,2024-09-22
787,787,94.89,GBP,Cash,2024-06-04
788,788,100.87,EUR,Online,2024-06-03
789,789,192.12,AUD,Online,2024-02-07
790,790,424.62,CAD,Cash,2024-10-11
791,791,257.19,CAD,Card,2024-11-27
792,792,197.13,AUD,Online,2024-11-10
793,793,195.58,INR,Online,2024-04-07
794,794,338.56,EUR,Card,2024-05-03
795,795,307.28,EUR,Card,2024-02-17
796,796,273.09,USD,Cash,2024-02-19
797,797,434.45,EUR,Card,2024-01-26
798,798,220.19,USD,Card,2024-01-17
799,799,32.88,CAD,Online,2024-02-06
800,800,99.53,USD,Card,2024-07-12
801,801,134.81,CAD,Card,2024-06-18
802,802,246.55,USD,Cash,2024-01-17
803,803,464.67,INR,Cash,2024-01-07
804,804,266.47,USD,Card,2024-09-19
805,805,398.01,AUD,Online,2024-09-11
806,806,131.26,USD,Online,2024-08-28
807,807,54.6,INR,Online,2024-07-16
808,808,243.74,AUD,Online,2024-12-08
809,809,29.21,EUR,Card,2024-06-06
810,810,172.39,USD,Online,2024-05-04
811,811,204.59,CAD,Card,2024-10-09
812,812,275.2,AUD,Cash,2024-12-12
813,813,458.18,EUR,Online,2024-11-11
814,814,324.21,USD,Online,2024-08-11
815,815,290.13,USD,Online,2024-08-23
816,816,86.17,CAD,Card,2024-04-02
817,817,92.34,AUD,Card,2024-12-03
818,818,354.04,GBP,Online,2024-10-20
819,819,86.25,GBP,Cash,2024-04-23
820,820,252.63,EUR,Card,2024-09-15
821,821,263.11,AUD,Online,2024-04-27
822,822,96.4,GBP,Card,2024-02-20
823,823,334.11,INR,Cash,2024-12-15
824,824,233.12,AUD,Cash,2024-02-24
825,825,178.57,AUD,Cash,2024-10-06
826,826,26.78,EUR,Online,2024-05-18
827,827,142.17,EUR,Card,2024-08-09
828,828,264.51,CAD,Online,2024-10-06
829,829,459.92,EUR,Cash,2024-11-09
830,830,266.71,CAD,Online,2024-09-21
831,831,57.17,AUD,Card,2024-09-05
832,832,279.11,AUD,Card,2024-05-03
833,833,271.39,AUD,Cash,2024-07-28
834,834,115.88,AUD,Online,2024-02-28
835,835,198.82,EUR,Cash,2024-08-13
836,836,149.46,CAD,Online,2024-05-16
837,837,456.4,CAD,Cash,2024-04-03
838,838,195.43,CAD,Card,2024-10-18
839,839,193.74,AUD,Cash,2024-06-14
840,840,195.89,GBP,Card,2024-06-27
841,841,310.21,INR,Online,2024-03-12
842,842,312.7,AUD,Card,2024-05-13
843,843,385.03,USD,Cash,2024-04-11
844,844,467.81,USD,Card,2024-12-24
845,845,410.03,INR,Cash,2024-04-24
846,846,278.53,EUR,Card,2024-12-11
847,847,496.21,EUR,Cash,2024-11-24
848,848,379.61,CAD,Online,2024-10-06
849,849,28.84,EUR,Card,2024-11-19
850,850,104.58,GBP,Card,2024-05-27
851,851,390.85,EUR,Online,2024-11-17
852,852,351.31,AUD,Card,2024-10-03
853,853,25.43,USD,Cash,2024-08-03
854,854,242.56,GBP,Card,2024-08-12
855,855,493.97,USD,Card,2024-10-24
856,856,405.15,CAD,Online,2024-05-04
857,857,294.43,INR,Cash,2024-03-14
858,858,346.2,INR,Cash,2024-07-13
859,859,101.0,USD,Cash,2024-10-17
860,860,160.31,GBP,Online,2024-12-03
861,861,432.47,CAD,Online,2024-02-03
862,862,306.27,INR,Card,2024-11-11
863,863,220.73,EUR,Cash,2024-05-11
864,864,66.93,CAD,Cash,2024-05-27
865,865,148.71,INR,Cash,2024-11-06
866,866,316.9,AUD,Cash,2024-09-05
867,867,384.03,INR,Online,2024-01-24
868,868,106.09,GBP,Cash,2024-06-06
869,869,59.69,EUR,Online,2024-10-22
870,870,174.58,INR,Online,2024-02-14
871,871,471.4,INR,Cash,2024-05-12
872,872,437.15,USD,Online,2024-02-04
873,873,354.08,GBP,Online,2024-03-11
874,874,484.53,CAD,Card,2024-11-01
875,875,495.3,EUR,Cash,2024-07-20
876,876,226.04,AUD,Online,2024-12-09
877,877,322.06,GBP,Cash,2024-04-23
878,878,229.97,USD,Card,2024-01-06
879,879,454.16,AUD,Online,2024-08-13
880,880,222.53,GBP,Online,2024-02-24
881,881,350.69,INR,Card,2024-06-12
882,882,140.28,CAD,Card,2024-03-21
883,883,355.46,GBP,Cash,2024-11-16
884,884,402.88,INR,Cash,2024-03-05
885,885,498.62,EUR,Online,2024-02-10
886,886,99.62,CAD,Online,2024-07-13
887,887,156.3,AUD,Online,2024-12-28
888,888,484.03,AUD,Online,2024-04-12
889,889,343.64,AUD,Card,2024-01-21
890,890,265.49,GBP,Online,2024-10-28
891,891,412.95,CAD,Online,2024-12-20
892,892,138.24,INR,Card,2024-04-13
893,893,126.45,AUD,Cash,2024-04-01
894,894,130.42,AUD,Card,2024-04-05
895,895,434.44,EUR,Online,2024-03-21
896,896,381.92,AUD,Card,2024-05-14
897,897,28.63,USD,Cash,2024-02-21
898,898,180.03,USD,Card,2024-01-28
899,899,318.4,EUR,Online,2024-10-01
900,900,447.35,EUR,Cash,2024-06-06
901,901,477.68,INR,Online,2024-01-19
902,902,112.43,INR,Card,2024-10-02
903,903,98.54,INR,Online,2024-11-28
904,904,372.35,GBP,Cash,2024-08-11
905,905,241.26,EUR,Cash,2024-08-27
906,906,226.6,EUR,Card,2024-08-26
907,907,138.19,GBP,Card,2024-09-14
908,908,200.66,CAD,Cash,2024-06-04
909,909,244.03,AUD,Cash,2024-07-12
910,910,395.16,EUR,Cash,2024-10-18
911,911,52.57,GBP,Cash,2024-07-08
912,912,415.89,AUD,Online,2024-11-19
913,913,422.14,USD,Cash,2024-09-24
914,914,74.52,CAD,Online,2024-06-26
915,915,76.1,EUR,Cash,2024-11-22
916,916,167.33,AUD,Online,2024-03-14
917,917,89.33,GBP,Online,2024-08-07
918,918,118.13,USD,Cash,2024-02-07
919,919,82.78,EUR,Online,2024-01-23
920,920,65.37,USD,Online,2024-05-15
921,921,76.17,USD,Online,2024-08-17
922,922,409.14,EUR,Online,2024-05-18
923,923,165.99,EUR,Online,2024-05-25
924,924,304.95,EUR,Cash,2024-06-17
925,925,378.34,GBP,Card,2024-01-06
926,926,399.62,CAD,Card,2024-05-04
927,927,262.39,AUD,Online,2024-02-15
928,928,421.33,CAD,Card,2024-01-02
929,929,272.41,GBP,Card,2024-10-14
930,930,431.9,USD,Online,2024-02-04
931,931,400.76,EUR,Card,2024-05-05
932,932,387.74,GBP,Online,2024-02-11
933,933,442.59,EUR,Card,2024-01-25
934,934,69.55,USD,Cash,2024-09-13
935,935,70.16,CAD,Cash,2024-06-11
936,936,329.74,AUD,Online,2024-01-13
937,937,463.86,INR,Online,2024-01-04
938,938,25.0,GBP,Online,2024-06-11
939,939,207.26,INR,Online,2024-04-03
940,940,250.52,USD,Online,2024-07-08
941,941,316.85,EUR,Online,2024-05-03
942,942,163.56,USD,Cash,2024-09-16
943,943,43.64,INR,Online,2024-09-20
944,944,312.43,EUR,Cash,2024-10-17
945,945,179.24,AUD,Online,2024-01-12
946,946,199.83,INR,Card,2024-10-06
947,947,251.9,INR,Cash,2024-04-26
948,948,204.71,INR,Online,2024-02-04
949,949,389.69,EUR,Online,2024-09-17
950,950,42.44,GBP,Online,2024-07-26
951,951,490.0,USD,Cash,2024-10-03
952,952,35.91,EUR,Cash,2024-02-16
953,953,119.96,EUR,Cash,2024-09-20
954,954,213.47,AUD,Cash,2024-02-27
955,955,223.52,INR,Card,2024-03-16
956,956,218.27,INR,Online,2024-12-23
957,957,207.29,AUD,Online,2024-07-21
958,958,357.33,INR,Online,2024-12-16
959,959,449.4,INR,Cash,2024-06-20
960,960,225.9,USD,Cash,2024-12-13
961,961,410.14,INR,Cash,2024-10-22
962,962,455.16,CAD,Card,2024-04-20
963,963,29.22,INR,Online,2024-07-01
964,964,132.25,GBP,Cash,2024-09-13
965,965,313.43,USD,Card,2024-11-13
966,966,97.34,CAD,Online,2024-04-19
967,967,170.85,AUD,Card,2024-05-17
968,968,117.7,USD,Cash,2024-04-17
969,969,329.25,EUR,Card,2024-03-17
970,970,50.66,USD,Cash,2024-11-10
971,971,249.3,GBP,Online,2024-09-18
972,972,167.7,EUR,Card,2024-03-13
973,973,92.15,AUD,Card,2024-04-21
974,974,179.08,GBP,Cash,2024-09-28
975,975,211.98,GBP,Card,2024-11-09
976,976,180.89,EUR,Online,2024-08-23
977,977,109.3,INR,Online,2024-03-01
978,978,409.68,GBP,Online,2024-05-06
979,979,38.38,USD,Card,2024-08-10
980,980,47.66,GBP,Card,2024-04-26
981,981,196.99,EUR,Online,2024-11-22
982,982,372.02,INR,Cash,2024-04-11
983,983,414.69,EUR,Online,2024-03-19
984,984,322.69,EUR,Cash,2024-08-17
985,985,212.39,INR,Cash,2024-04-07
986,986,252.94,INR,Card,2024-09-06
987,987,291.48,GBP,Card,2024-02-10
988,988,175.29,EUR,Online,2024-09-08
989,989,219.88,CAD,Cash,2024-08-17
990,990,493.87,AUD,Card,2024-12-01
991,991,134.21,AUD,Cash,2024-08-21
992,992,223.53,CAD,Card,2024-12-03
993,993,268.36,INR,Online,2024-10-27
994,994,207.52,AUD,Online,2024-04-26
995,995,65.97,AUD,Cash,2024-05-18
996,996,327.64,CAD,Online,2024-09-18
997,997,432.35,EUR,Cash,2024-07-24
998,998,44.87,AUD,Cash,2024-09-01
999,999,384.33,EUR,Cash,2024-08-09
1000,1000,236.35,GBP,Card,2024-07-10
